Product Name,Product Number,Category Name,SubCategory Name,Designer,Product Date,Catalogue Price,Retail Price,Wholesale Price,Product Description,Primary Image Color,Colors,Styles,Events,New Arrival,Clearance,Pre Order,Unpublish,Materials,Trends
D4330L,D4330L,Womens Apparel,Evening Dresses,Basix Black Label,1969-12-31,395,0,245,Long dress,BLACK,BLACK,CRYSTAL-SEQUINED-SLEEVELESS,,,,,Y,,
D3128L,D3128L,Womens Apparel,Evening Dresses,Basix Black Label,2011-12-15,275,0,0,Long dress,LILAC,LILAC,Sleeveless-Spaghetti Str.-V Neck,,,yes,,Y,,
Evening Dress with sequin accents ,D3031L,Womens Apparel,Evening Dresses,Basix Black Label,1969-12-31,265,425,195,Evening Dress with sequin details and flare bottom ,BLACK,BLACK,SEQUINED-SLEEVELESS-V NECK,,,yes,,,,
D5794L,D5794L,Womens Apparel,Evening Dresses,Basix Black Label,1969-12-31,745,0,370,Long dress,LIME,LIME-GREEN ,SEQUINED-SLEEVELESS,,no,no,,,,
D5824L,D5824L,Womens Apparel,Evening Dresses,Basix Black Label,2011-12-27,895,0,445,Long dress,SILVER,SILVER-SILVER GUNMETAL,SHIMMER-SLEEVELESS-V NECK,,no,no,,,,
D5855L,D5855L,Womens Apparel,Evening Dresses,Basix Black Label,2011-12-27,895,0,445,Long dress,BLUE,BLUE,BEADED-CRYSTAL-SEQUINED-SLEEVELESS-SPAGHETTI STR.-V NECK,,yes,,,,,
D5883L,D5883L,Womens Apparel,Evening Dresses,Basix Black Label,1969-12-31,550,0,275,Long dress,BLACK,BLACK-BRONZE,METALLIC-SEQUINED-SLEEVELESS,,yes,no,,,,
D5745L,D5745L,Womens Apparel,Evening Dresses,Basix Black Label,2011-09-25,495,0,245,Evening Dress,BLACK,BLACK,BEADED-SLEEVELESS-SPAGHETTI STR.-V NECK,Formal,,,,,,
D6019L,D6019L,Womens Apparel,Evening Dresses,Basix Black Label,,895,0,445,Evening Dress,BLACK,BLACK,BEADED-FLOWER-SEQUINED-SLEEVELESS-V NECK,Formal,,,,,,
Multi Colored Evening Dress,D3073L,Womens Apparel,Evening Dresses,Basix Black Label,1969-12-31,1290,0,675,Multi Colored Evening Dress With Sequins and Beads Arranged in an intricate motif - Custom Order Only 
10 Weeks to delivery,MULTI,MULTI,BEADED-SLEEVELESS-SPAGHETTI STR.-V NECK,,,,,,,
D5734L,D5734L,Womens Apparel,Evening Dresses,Basix Black Label,1969-12-31,895,0,445,Evening Dress,CHAMPAGNE,CHAMPAGNE,FLARE-SEQUINED-SLEEVELESS-STRAPLESS,Formal,,,,,,
D5430L,D5430L,Womens Apparel,Evening Dresses,Basix Black Label,2011-09-25,500,0,250,Evening Dress,BLUE,RED-BLUE,BEADED-FLARE-SEQUINED-SLEEVELESS-SPAGHETTI STR.,Formal,,,,Y,,
D5439L,D5439L,Womens Apparel,Evening Dresses,Basix Black Label,2011-09-25,550,0,275,Evening Dress,NUDE,GUNMETAL-NUDE,1 SHOULDER-FLARE-SEQUINED-SLEEVELESS-SPAGHETTI STR.,Formal,,,,Y,,
D5347L,D5347L,Womens Apparel,Evening Dresses,Basix Black Label,2011-09-25,390,0,195,Evening Dress,BLUE,BLUE,FLARE-SEQUINED-SLEEVELESS-SPAGHETTI STR.-STRAPLESS,Formal,,,,Y,,
D5327L,D5327L,Womens Apparel,Evening Dresses,Basix Black Label,2011-09-25,690,0,345,Evening Dress,RED,RED,FLARE-SEQUINED-SLEEVELESS-SPAGHETTI STR.-STRAPLESS,Formal,,,,Y,,
D5316L,D5316L,Womens Apparel,Evening Dresses,Basix Black Label,2011-09-25,650,0,325,Evening Dress,PURPLE,PURPLE,FLARE-SEQUINED-SLEEVELESS-SPAGHETTI STR.-STRAPLESS,Formal,,,,,,
D5301L,D5301L,Womens Apparel,Evening Dresses,Basix Black Label,2011-09-25,1390,0,695,Evening Dress,BLACK,BLUE-BLACK,BEADED-FLARE-SEQUINED-SLEEVELESS-SPAGHETTI STR.,Formal,,,,,,
D5268L,D5268L,Womens Apparel,Evening Dresses,Basix Black Label,2011-09-25,550,0,275,Evening Dress,GREEN ,GREEN,FLARE-SEQUINED-SLEEVELESS-SPAGHETTI STR.-STRAPLESS,Formal,,,,Y,,
Animal Print Evening Dress,D5259L,Womens Apparel,Evening Dresses,Basix Black Label,1969-12-31,550,0,275,Evening Dress,ANIMAL,ANIMAL,FLARE-PRINT-SEQUINED-SLEEVELESS,Formal,,yes,,Y,,
D5247L,D5247L,Womens Apparel,Evening Dresses,Basix Black Label,2011-09-25,550,0,275,Evening Dress,PURPLE,PURPLE,FLARE-PRINT-SEQUINED-SLEEVELESS-SPAGHETTI STR.-TULLE,Formal,,,,Y,,
D5248L,D5248L,Womens Apparel,Evening Dresses,Basix Black Label,2011-09-25,550,0,275,Evening Dress,BLUE,BLUE,FLARE-PRINT-SEQUINED-SLEEVELESS-SPAGHETTI STR.-TULLE,Formal,,,,Y,,
D5246L,D5246L,Womens Apparel,Evening Dresses,Basix Black Label,2011-09-25,550,0,275,Evening Dress,GREEN ,GREEN,FLARE-PRINT-SEQUINED-SLEEVELESS-SPAGHETTI STR.-TULLE,Formal,,,,Y,,
D5237L,D5237L,Womens Apparel,Evening Dresses,Basix Black Label,2011-09-25,645,0,320,Evening Dress,BLACK,BLACK,FLARE-SEQUINED-SLEEVELESS-SPAGHETTI STR.-STRAPLESS,Formal,,,,,,
D5211L,D5211L,Womens Apparel,Evening Dresses,Basix Black Label,2011-09-25,650,0,325,Evening Dress,BLACK,BLACK,FLARE-LACE-SEQUINED-SLEEVELESS-SPAGHETTI STR.-TULLE,Formal,,,,Y,,
D5202L,D5202L,Womens Apparel,Evening Dresses,Basix Black Label,1969-12-31,490,0,245,Basix Evening Dress,RED,BLACK-RED,BEADED-FLARE-SEQUINED-SLEEVELESS-SPAGHETTI STR.,Formal,,,,,,
D5196L,D5196L,Womens Apparel,Evening Dresses,Basix Black Label,2011-09-25,590,0,295,Evening Dress,RED,RED,1 SHOULDER-FLARE-SEQUINED-SLEEVELESS-SPAGHETTI STR.-TULLE,Formal,,,,Y,,
D5162L,D5162L,Womens Apparel,Evening Dresses,Basix Black Label,2011-09-25,490,0,245,Evening Dress,RED,RED,1 SHOULDER-FLARE-SEQUINED-SLEEVELESS-SPAGHETTI STR.,Formal,,yes,,Y,,
D5178L,D5178L,Womens Apparel,Evening Dresses,Basix Black Label,2011-09-25,590,0,295,Evening Dress,TAUPE,TAUPE,BEADED-FLARE-SEQUINED-SLEEVELESS-SPAGHETTI STR.,Formal,,,,Y,,
D5120L,D5120L,Womens Apparel,Evening Dresses,Basix Black Label,2011-09-25,490,0,245,Evening Dress,SILVER,-SILVER,BEADED-FLARE-SEQUINED-SLEEVELESS-SPAGHETTI STR.-TULLE,Formal,,,,Y,,
D5113L,D5113L,Womens Apparel,Evening Dresses,Basix Black Label,2011-09-25,490,0,245,Evening Dress,WHITE,-WHITE,BEADED-FLARE-SEQUINED-SLEEVELESS-SPAGHETTI STR.-TULLE,Formal,,,,Y,,
D5091L,D5091L,Womens Apparel,Evening Dresses,Basix Black Label,,490,0,0,Evening Dress,,,BEADED-FLARE-SEQUINED-SLEEVELESS-SPAGHETTI STR.-TULLE,Formal,,yes,,Y,,
D5080L,D5080L,Womens Apparel,Evening Dresses,Basix Black Label,2011-09-25,245,495,120,Evening Dress,CHAMPAGNE,-CHAMPAGNE,SEQUINED,Christmas-Formal-Graduation-New Year-Party-Valentines-Wedding,,yes,,,,
D5074L,D5074L,Womens Apparel,Evening Dresses,Basix Black Label,2011-09-25,596,0,0,Evening Dress,BLACK,BLACK,Beaded-Beaded-Sequined-SLEEVELESS-SPAGHETTI STR.-TULLE,Formal,,,,Y,,
D4481L,D4481L,Womens Apparel,Evening Dresses,Basix Black Label,2011-09-25,490,0,0,Evening Dress,BLACK,BLACK,Beaded-Beaded-Sequined-SLEEVELESS-SPAGHETTI STR.-TULLE,Formal,,,,Y,,
D4465L,D4465L,Womens Apparel,Evening Dresses,Basix Black Label,2011-09-25,650,0,0,Evening Dress,MULTI,MULTI,Beaded-Beaded-Sequined-SLEEVELESS-SPAGHETTI STR.-TULLE,Formal,,,,Y,,
D4374L,D4374L,Womens Apparel,Evening Dresses,Basix Black Label,1969-12-31,285,395,165,Long dress,BLACK,GREEN -BLACK-BLUE,HALTER-SEQUINED-SLEEVELESS,,,,,Y,,
D4378L,D4378L,Womens Apparel,Evening Dresses,Basix Black Label,2011-12-15,275,0,135,Long dress,RED,RED,CRYSTAL-SEQUINED-SLEEVELESS-SPAGHETTI STR.-TULLE-V NECK,,,yes,,,,
D4341L,D4341L,Womens Apparel,Evening Dresses,Basix Black Label,2011-09-25,590,0,0,Evening Dress,PURPLE,PURPLE-BLACK,Beaded-Sequined-Sleeveless-V Neck-SPAGHETTI STR.-TULLE,Formal,,,,Y,,
D5115L,D5115L,Womens Apparel,Evening Dresses,Basix Black Label,2012-01-20,845,0,445,Evening Dress,SILVER,SILVER,SLEEVELESS,,,,,,,
D4307L,D4307L,Womens Apparel,Evening Dresses,Basix Black Label,2011-09-25,550,0,0,Evening Dress,BLUE,BLUE,Beaded-Sequined-Sleeveless-V Neck-SPAGHETTI STR.-TULLE,Formal,,,,Y,,
D4298L,D4298L,Womens Apparel,Evening Dresses,Basix Black Label,2011-09-25,590,0,0,Evening Dress,BLACK,BLACK,Beaded-Sequined-Sleeveless-V Neck-SPAGHETTI STR.-TULLE,Formal,,,,Y,,
D4282L,D4282L,Womens Apparel,Evening Dresses,Basix Black Label,2011-09-25,590,0,0,Evening Dress,BLACK,BLACK,Beaded-Sequined-Sleeveless-V Neck-SPAGHETTI STR.-TULLE,Formal,,,,Y,,
D4280L,D4280L,Womens Apparel,Evening Dresses,Basix Black Label,2011-09-25,590,0,0,Evening Dress,BLACK,BLACK,Beaded-Sequined-Sleeveless-V Neck-SPAGHETTI STR.-TULLE,Formal,,,,Y,,
D4272L,D4272L,Womens Apparel,Evening Dresses,Basix Black Label,2011-09-25,590,0,0,Evening Dress,BLACK,BLACK,Beaded-Sequined-Sleeveless-V Neck-SPAGHETTI STR.-TULLE,Formal,,,,Y,,
D4266L,D4266L,Womens Apparel,Evening Dresses,Basix Black Label,2011-09-25,550,0,0,Evening Dress,GRAY,GRAY,Beaded-Sequined-Sleeveless-V Neck-SPAGHETTI STR.-TULLE,Formal,,,,Y,,
D4244L,D4244L,Womens Apparel,Evening Dresses,Basix Black Label,2011-09-25,550,0,0,Evening Dress,BLACK,BLACK,Beaded-Sequined-Sleeveless-V Neck-SPAGHETTI STR.-TULLE,Formal,,,,Y,,
D4241L,D4241L,Womens Apparel,Evening Dresses,Basix Black Label,2011-09-25,240,445,120,Evening Dress,WHITE,-WHITE,EMPIRE WAIST-SEQUINED-SLEEVELESS,Formal,,yes,,Y,,
D4240L,D4240L,Womens Apparel,Evening Dresses,Basix Black Label,1969-12-31,285,645,165,Evening Dress,BLACK,BLACK-,EMPIRE WAIST-FLARE-SEQUINED-SLEEVELESS,Formal,,yes,,,,
Empire evening dress ,D4237L,Womens Apparel,Evening Dresses,Basix Black Label,1969-12-31,265,445,185,Evening Dress,LILAC,BLACK--LILAC,EMPIRE WAIST-PLEATED-SEQUINED-SLEEVELESS,Formal,,yes,,,,
D4219L,D4219L,Womens Apparel,Evening Dresses,Basix Black Label,2011-09-25,550,0,0,Evening Dress,RED,RED,Beaded-Sequined-Sleeveless-V Neck-SPAGHETTI STR.-TULLE,Formal,,,,Y,,
D4170L,D4170L,Womens Apparel,Evening Dresses,Basix Black Label,2011-09-25,690,0,0,Evening Dress,GUNMETAL,GUNMETAL,Beaded-Sequined-Sleeveless-V Neck-SPAGHETTI STR.-TULLE,Formal,,,,Y,,
D4163L,D4163L,Womens Apparel,Evening Dresses,Basix Black Label,2011-09-25,275,0,0,Evening Dress,ANIMAL,-BLACK WHITE,Beaded-Sleeveless-Strapless-V Neck-SPAGHETTI STR.-TULLE,Formal,,yes,,Y,,
D4106L,D4106L,Womens Apparel,Evening Dresses,Basix Black Label,1969-12-31,295,565,185,Evening Dress,BLACK,-BLACK,BEADED-FLARE-HALTER-SLEEVELESS,Formal,,yes,,,,
D4071L,D4071L,Womens Apparel,Evening Dresses,Basix Black Label,2011-09-25,495,0,0,Evening Dress,BLACK,BLACK-BLUE-PINK-RED-YELLOW,Beaded-Sleeveless-Strapless-V Neck-SPAGHETTI STR.-TULLE,Formal,,,,Y,,
D4067L,D4067L,Womens Apparel,Evening Dresses,Basix Black Label,2011-09-25,445,0,0,Evening Dress,RED,RED,Beaded-Sleeveless-Strapless-V Neck-SPAGHETTI STR.-TULLE,Formal,,,,Y,,
D4056L,D4056L,Womens Apparel,Evening Dresses,Basix Black Label,1969-12-31,245,445,175,Halter Top Evening Dress By Basix,BLACK,BLACK--LILAC-PINK,BEADED-HALTER-SLEEVELESS,Formal,,yes,,,,
D4054L,D4054L,Womens Apparel,Evening Dresses,Basix Black Label,2011-09-25,495,0,0,Evening Dress,BLACK,BLACK-CHARCOAL,Beaded-Sleeveless-Strapless-V Neck-SPAGHETTI STR.-TULLE,Formal,,,,Y,,
D4023L,D4023L,Womens Apparel,Evening Dresses,Basix Black Label,2011-09-25,750,0,0,Evening Dress,,,BEADED-SLEEVELESS-SPAGHETTI STR.-STRAPLESS-TULLE-V NECK,Formal,,yes,,Y,,
D4014L,D4014L,Womens Apparel,Evening Dresses,Basix Black Label,2011-09-25,585,0,0,Evening Dress,BLACK,BLACK,Beaded-Sleeveless-Strapless-V Neck-SPAGHETTI STR.-TULLE,Formal,,,,Y,,
Strapless Evening Dress,D3971L,Womens Apparel,Evening Dresses,Basix Black Label,1969-12-31,895,0,345,Strapless Evening Dress,GUNMETAL,GUNMETAL,BEADED-SEQUINED-SLEEVELESS-SPAGHETTI STR.-STRAPLESS-TULLE,Christmas-Formal-New Year-Party-Valentines,,,,,,
Beaded and Sequined Halter Evening Dress,D3939L,Womens Apparel,Evening Dresses,Basix Black Label,2011-09-25,695,0,0,Beaded and Sequined Halter Top Evening Dress With Empire Waist Belt And V Front,BLUE,Blue,Beaded-Halter-Sequined-Strapless-SPAGHETTI STR.-TULLE,Christmas-Formal-New Year-Wedding,,,,Y,,
D3860L,D3860L,Womens Apparel,Evening Dresses,Basix Black Label,2011-09-25,550,0,0,Evening Dress,BLACK,BLACK-RED,Beaded-Halter-Sequined-Strapless-SPAGHETTI STR.-TULLE,Formal,,,,Y,,
Lace And Rose Evening Dress,D3616L,Womens Apparel,Evening Dresses,Basix Black Label,1969-12-31,595,0,295,Lace Evening Dress With Rose on Waist and Satin Waist ribbons,BLACK,BLACK,FLOWER-LACE-SLEEVELESS-V NECK,Christmas-Formal-New Year-Party,,,,,,
Sequined Spaghetti Strap Dress By Basix,D3373L,Womens Apparel,Evening Dresses,Basix Black Label,1969-12-31,685,0,345,Sequined Long Evening Dress,SILVER,SILVER-,SEQUINED-SPAGHETTI STR.,Christmas-Formal-Homecoming-New Year-Party-Prom-Valentines-Wedding,,,,,,
D5613L,D5613L,Womens Apparel,Evening Dresses,Basix Black Label,2011-09-25,495,0,245,Evening Dress,BLACK,BLACK,1 SHOULDER,Formal,,,,Y,,
D5648L,D5648L,Womens Apparel,Evening Dresses,Basix Black Label,2011-09-25,690,0,345,Evening Dress,TEAL,GREEN-TEAL,1 SHOULDER-SPAGHETTI STR.-STRAPLESS,Formal,,,,Y,,
D5643L,D5643L,Womens Apparel,Evening Dresses,Basix Black Label,2011-09-25,895,0,445,Evening Dress,TEAL,NAVY-TEAL,SEQUINED-SPAGHETTI STR.-STRAPLESS,Formal,,,,,,
D5602L,D5602L,Womens Apparel,Evening Dresses,Basix Black Label,,490,0,245,Evening Dress,CHARCOAL,CHARCOAL,1 SHOULDER-SPAGHETTI STR.-STRAPLESS,Formal,,,,,,
D5582L,D5582L,Womens Apparel,Evening Dresses,Basix Black Label,2011-09-25,550,0,275,Evening Dress,BLACK,BLACK,LONG SLEEVE-SPAGHETTI STR.-STRAPLESS,Formal,,,,,,
D5650L,D5650L,Womens Apparel,Evening Dresses,Basix Black Label,2011-09-25,590,0,295,Evening Dress,BLACK,BLACK,CRYSTAL-SPAGHETTI STR.-STRAPLESS,Formal,,,,Y,,
D5645L,D5645L,Womens Apparel,Evening Dresses,Basix Black Label,2011-09-25,1190,0,595,Evening Dress,GOLD,GOLD,BEADED-SPAGHETTI STR.-STRAPLESS,Formal,,,,,,
D5646L,D5646L,Womens Apparel,Evening Dresses,Basix Black Label,2011-09-25,265,0,295,Evening Dress,BLUE,PEACH-BLUE-CHAMPAGNE,1 SHOULDER-FLARE-SPAGHETTI STR.-STRAPLESS,Formal,,yes,,,,
D5712L,D5712L,Womens Apparel,Evening Dresses,Basix Black Label,2011-09-25,490,0,245,Evening Dress,NAVY,NAVY,BEADED-SPAGHETTI STR.-STRAPLESS-Strapless-SPAGHETTI STR.-TULLE,Formal,,,,Y,,
D5463L,D5463L,Womens Apparel,Evening Dresses,Basix Black Label,1969-12-31,590,0,295,Evening Dress,SILVER,GOLD-SILVER,SPAGHETTI STR.-STRAPLESS,Formal,,,,Y,,
D5542L,D5542L,Womens Apparel,Evening Dresses,Basix Black Label,2011-09-25,650,0,325,Evening Dress,BLACK,BLACK,LACE-SPAGHETTI STR.-STRAPLESS,Formal,,,,,,
D5446L,D5446L,Womens Apparel,Evening Dresses,Basix Black Label,2011-09-25,690,0,345,Evening Dress,BLACK,NUDE-BLACK,BEADED-SPAGHETTI STR.-STRAPLESS,Formal,,,,,,
D5405L,D5405L,Womens Apparel,Evening Dresses,Basix Black Label,,1195,0,595,Evening Dress,GUNMETAL,GUNMETAL,METALLIC-SPAGHETTI STR.-STRAPLESS,Formal,,,,,,
Basix Scalloped evening dress,D4114L,Womens Apparel,Evening Dresses,Basix Black Label,1969-12-31,895,0,450,Evening Dress,CHAMPAGNE,TEAL-WHITE-CHAMPAGNE-SILVER-BLACK,BEADED-SCALLOPED-SEQUINED-SHEATH-SLEEVELESS-STRAPLESS,Christmas-Formal-New Year-Party-Prom-Valentines-Wedding,,,,,,
D5425L,D5425L,Womens Apparel,Evening Dresses,Basix Black Label,,1190,0,595,Evening Dress,GOLD,CHARCOAL-GOLD,1 SHOULDER-SEQUINED-SLEEVELESS-SPAGHETTI STR.-STRAPLESS,Formal,,,,,,
D5119L,D5119L,Womens Apparel,Evening Dresses,Basix Black Label,2011-09-25,750,0,375,Evening Dress,CHAMPAGNE,-CHAMPAGNE,BEADED-SEQUINED-SLEEVELESS-SPAGHETTI STR.-STRAPLESS-TULLE,Formal,,,,,,
Strapless Embroidered Evening Dress,D3950L,Womens Apparel,Evening Dresses,Basix Black Label,2011-09-25,625,0,315,Strapless Embroidered Evening Dress,BLACK,BLACK,EMBROIDERED-SEQUINED-SLEEVELESS-SPAGHETTI STR.-STRAPLESS,Formal,,,,,,
Strapless Multi Layer Evening Gown,D3217L,Womens Apparel,Evening Dresses,Basix Black Label,1969-12-31,675,0,345,Strapless Evening Gown,BLACK,BLACK,FLARE-PLEATED-SLEEVELESS-STRAPLESS,Formal-New Year-Valentines,,,,,,
D3438L,D3438L,Womens Apparel,Evening Dresses,Basix Black Label,1969-12-31,295,595,185,Flower Print evening dress,PINK,PINK,PRINT,,,yes,,,,
Empire waist evening dress by basix,D3406L,Womens Apparel,Evening Dresses,Basix Black Label,1969-12-31,325,685,195,V neck evening dress with jeweled accent,Scattered sequins over rouched pleated empire waist,ORANGE,ORANGE,CRYSTAL-EMPIRE WAIST-PLEATED-SEQUINED-V NECK,,,yes,,,,
Basix Evening Dress With Cape,D3420L,Womens Apparel,Evening Dresses,Basix Black Label,1969-12-31,345,545,185,Caped evening dress by Basix Black Label,WHITE,WHITE,EMPIRE WAIST-V NECK,,,yes,,,,
D3379L BY BASIX,D3379L,Womens Apparel,Evening Dresses,Basix Black Label,1969-12-31,265,0,165,Basix Sequin Halter Dress ,WHITE,WHITE,HALTER-SEQUINED,,,yes,,,,
Basix Flower Print Evening Gown,D3481L,Womens Apparel,Evening Dresses,Basix Black Label,1969-12-31,245,0,0,Flower print evening sheath dress with crystal and sequin motif on waist and scattered sequins on body,BLUE,BLUE,CRYSTAL-SEQUINED-SHEATH,,,yes,,,,
D4185L,D4185L,Womens Apparel,Evening Dresses,Basix Black Label,1969-12-31,895,0,445,Long Sequined Evening Dress,BLACK,BLACK,SEQUINED-V NECK,,,,,,,
D3464L,D3464L,Womens Apparel,Evening Dresses,Basix Black Label,1969-12-31,285,565,195,Jeweled and sequined evening dress with side slit by Basix,BLACK,BLACK,SEQUINED-SLEEVELESS,,,yes,,,,
D3379,D3379,Womens Apparel,Evening Dresses,Basix Black Label,2011-12-15,175,0,0,Long dress,WHITE,WHITE,Sequined-Sleeveless-Strapless-STRAPLESS-SPAGHETTI STR.-TULLE,,,yes,,Y,,
Empress Evening Dress By Basix,D5515L,Womens Apparel,Evening Dresses,Basix Black Label,,1195,0,595,Evening Dress with jeweled collar 
custom order only 8 weeks to delivery ,SILVER,SILVER,CRYSTAL-SEQUINED-SLEEVELESS,Formal,,,,,,
Ornate Ball Gown,D5584L,Womens Apparel,Evening Dresses,Basix Black Label,,1095,0,545,Ornate Ball gown meticulously crafted of Tulle , Crystal and Other Delicate Elements,SILVER,SILVER,BEADED-CRYSTAL-FLARE-SLEEVELESS-STRAPLESS-TULLE,Formal,,,,Y,,
Beaded Crystal And Sequined Evening Dress,D5662L,Womens Apparel,Evening Dresses,Basix Black Label,1969-12-31,1195,0,595,Beaded sequined jeweled evening dress with side slit ,NUDE,GUNMETAL-NUDE,CRYSTAL-NUDE-SLEEVELESS-SPAGHETTI STR.,GUNMETAL-NUDE,,,,,,
D5738L,D5738L,Womens Apparel,Evening Dresses,Basix Black Label,2011-09-25,1195,0,595,Evening Dress,BLACK,BLUE-BLACK,BEADED-SLEEVELESS-SPAGHETTI STR.-STRAPLESS,Formal,,,,,,
D5754L,D5754L,Womens Apparel,Evening Dresses,Basix Black Label,,690,0,350,Evening Dress,NAVY,BLACK-NAVY,METALLIC-PLEATED-SPAGHETTI STR.-STRAPLESS,Formal,,,,,,
Metallic Halter Evening Dress,D5755L,Womens Apparel,Evening Dresses,Basix Black Label,,690,0,350,Metallic Halter Dress,BLACK,BROWN-BLACK,HALTER-METALLIC-PLEATED-SLEEVELESS-V NECK,Formal,,,,,,
Beaded Sequined Evening Dress,D5784L,Womens Apparel,Evening Dresses,Basix Black Label,1969-12-31,645,0,320,Beaded Sequined Evening Dress With Plunge Back and Small Train,BLACK,GOLD-BLACK-NAVY-SILVER,BEADED-NUDE-PLUNGE-SEQUINED-SLEEVELESS-V NECK,Christmas-Formal-Homecoming-New Year-Party-Prom-Valentines-Wedding,,,,,,
Beaded Lace Evening Dress,D5797L,Womens Apparel,Evening Dresses,Basix Black Label,2011-09-25,685,0,345,Beaded Lace Evening Dress with Motif Flower on top,BLACK,BLACK,LACE-PLUNGE-SEQUINED-SLEEVELESS-TULLE-V NECK,Formal,,,,,,
D5799L,D5799L,Womens Apparel,Evening Dresses,Basix Black Label,2011-09-25,685,0,340,Evening Dress,CHARCOAL,GUNMETAL-CHARCOAL,BEADED-PLUNGE-SEQUINED-SLEEVELESS-V NECK,Formal,,,,,,
D5817L,D5817L,Womens Apparel,Evening Dresses,Basix Black Label,1969-12-31,795,0,395,Evening Dress,WHITE,BLACK-TEAL-WHITE,CRYSTAL-PLUNGE-SLEEVELESS-V NECK,Formal,,,,Y,,
D5828L,D5828L,Womens Apparel,Evening Dresses,Basix Black Label,2011-09-25,795,0,395,Evening Dress,BLACK,BLACK,BEADED-PLUNGE-SEQUINED-SLEEVELESS-V NECK-TULLE,Formal,,,,,,
D5829L,D5829L,Womens Apparel,Evening Dresses,Basix Black Label,,795,0,395,Evening Dress,BLUE,BLUE,BEADED-PLUNGE-SEQUINED-SLEEVELESS-TULLE-V NECK,Formal,,,,,,
D5849L,D5849L,Womens Apparel,Evening Dresses,Basix Black Label,2011-09-25,790,0,390,Evening Dress,BLACK,BLACK,BEADED-PLUNGE-SEQUINED-SLEEVELESS-V NECK,Formal,,,,,,
D5886L,D5886L,Womens Apparel,Evening Dresses,Basix Black Label,2011-09-25,1195,0,595,Evening Dress,GOLD,BRONZE-GOLD,BEADED-PLUNGE-SEQUINED-SLEEVELESS-V NECK-TULLE,Formal,,,,,,
D4281L,D4281L,Womens Apparel,Evening Dresses,Basix Black Label,,895,0,445,Evening Dress,BLUE,BLUE,SLEEVELESS,,,yes,,Y,,
D5891L,D5891L,Womens Apparel,Evening Dresses,Basix Black Label,,745,0,375,Evening Dress,CHARCOAL,CHARCOAL-FUCHSIA,BEADED-PLUNGE-SEQUINED-SLEEVELESS-V NECK,Formal,,,,,,
Long Dress With Motif On Waist,D3937L,Womens Apparel,Evening Dresses,Basix Black Label,2011-11-13,895,0,450,Long Dress With Motif On Waist,SILVER,SILVER-BLACK,BEADED-SEQUINED-SLEEVELESS-TULLE-V NECK,Christmas-Formal-New Year-Party,,,,,,
D3193L BASIX,D3193L,Womens Apparel,Evening Dresses,Basix Black Label,1969-12-31,285,565,195,Lace and Sequin Evening Dress by Basix,BLACK,BLACK,LACE-SEQUINED-V NECK,,,yes,,,,
D3469L By BASIX,D3469L,Womens Apparel,Evening Dresses,Basix Black Label,1969-12-31,345,695,220,Beaded and sequined evening dress by basis black label,WHITE,WHITE,BEADED-SEQUINED,,,yes,,,,
D5821L,D5821L,Womens Apparel,Evening Dresses,Basix Black Label,1969-12-31,795,0,395,Evening Dress With Necklace ,RED,RED-BLACK-WHITE,PLEATED-V NECK,,yes,,,,,
Sequin Evening Dress With Flare Skirt ,D5888L,Womens Apparel,Evening Dresses,Basix Black Label,1969-12-31,790,0,390,Long Evening Gown with sequins and flared skirt,RED,NAVY-BLACK--RED,SEQUINED-SLEEVELESS-V NECK,,,,,,,
D5868L,D5868L,Womens Apparel,Evening Dresses,Basix Black Label,1969-12-31,1195,0,595,Long Dress,BLACK NUDE,Black Nude-PINK,BEADED-BEADED-CRYSTAL-NUDE-SEQUINED-SLEEVELESS-V NECK,,no,no,,,,
D5890L,D5890L,Womens Apparel,Evening Dresses,Basix Black Label,2011-12-29,795,0,395,Evening Dress,ROYAL,-ROYAL,BEADED-SEQUINED-SLEEVELESS-V NECK,,,,,,,
D5788L,D5788L,Womens Apparel,Evening Dresses,Basix Black Label,,985,0,490,Evening Dress,PINK,-PINK,FLOWER-SHORT SLEEVE,,,,,,,
Basix Sequin Panel Shimmer Evening Gown,D5806L,Womens Apparel,Evening Dresses,Basix Black Label,1969-12-31,1195,0,595,Sequined Panel Evening Dress with crystal accents and sheer accents on hem ,CHARCOAL,CHARCOAL-SILVER-BRONZE,CRYSTAL-NUDE-SEQUINED-SHIMMER-V NECK,,no,no,,,,
D3371L,D3371L,Womens Apparel,Evening Dresses,Basix Black Label,1969-12-31,285,495,185,Basix Evening Dress with Crystal Belting and Side Slit ,BLACK,BLACK,V NECK,,,yes,,,,
D5896L,D5896L,Womens Apparel,Evening Dresses,Basix Black Label,1969-12-31,1095,0,550,Evening Dress,CHAMPAGNE,CHAMPAGNE,BEADED-BEADED-CRYSTAL-FLOWER-LACE-SEQUINED-SLEEVELESS-TULLE-V NECK,,yes,no,,,,
Flower bustier halter evening dress by Basix,D5127L,Womens Apparel,Evening Dresses,Basix Black Label,1969-12-31,845,0,445,Evening Dress / Custom Order Only 
8 to 10 Weeks Delivery,GREEN ,GREEN,FLARE-FLOWER-HALTER-PLEATED-SLEEVELESS,,,,,Y,,
D5783L,D5783L,Womens Apparel,Evening Dresses,Basix Black Label,1969-12-31,1095,0,550,Sleeveless Sequin Shimmer Paneled Evening Dress,NAVY,CHAMPAGNE-NAVY,SEQUINED-SHIMMER,,yes,no,,,,
D5948L,D5948L,Womens Apparel,Evening Dresses,Basix Black Label,1969-12-31,845,0,425,Evening Dress,IVORY,GOLD-BLACK-IVORY,NUDE-SEQUINED-SLEEVELESS,,,,,,,
D3047L,D3047L,Womens Apparel,Evening Dresses,Basix Black Label,1969-12-31,295,0,0,Evening Dress with Jacket ,GOLD,GOLD,BEADED-PLEATED-SEQUINED,,,yes,,,,
D5908L,D5908L,Womens Apparel,Evening Dresses,Basix Black Label,2012-01-06,745,0,370,Evening Dress,BLUE,BLUE,CRYSTAL-PLEATED-SEQUINED-SLEEVELESS-STRAPLESS,,yes,,,,,
D5897L,D5897L,Womens Apparel,Evening Dresses,Basix Black Label,2012-01-20,895,0,445,Evening Dress,CHAMPAGNE,CHAMPAGNE,NUDE-SEQUINED-SLEEVELESS-TULLE,,yes,,,,,
D5181L,D5181L,Womens Apparel,Evening Dresses,Basix Black Label,1969-12-31,265,675,120,Evening Dress,SILVER,SILVER,CRYSTAL-PLEATED,,,yes,,,,
D5150L,D5150L,Womens Apparel,Evening Dresses,Basix Black Label,2012-01-20,845,0,445,Evening Dress,SILVER,SILVER,SLEEVELESS-STRAPLESS,,,,,Y,,
D5702L,D5702L,Womens Apparel,Evening Dresses,Basix Black Label,2012-01-20,895,0,445,Evening Dress,BRONZE,BRONZE,SLEEVELESS,,,,,,,
Strapless Evening Gown,D5936L,Womens Apparel,Evening Dresses,Basix Black Label,,795,0,395,Strapless evening dress with sequins ,GOLD,GOLD,BEADED-SEQUINED-SLEEVELESS-STRAPLESS,,,,,,,
D5974LS,D5974LS,Womens Apparel,Evening Dresses,Basix Black Label,,755,0,375,Long Sleeve Sequin Evening Dress,NAVY,NAVY,LONG SLEEVE-SEQUINED,,,,,,,
D5983L,D5983L,Womens Apparel,Evening Dresses,Basix Black Label,,795,0,395,Long dress,BLACK,BLACK,LONG SLEEVE-SEQUINED,,,,,,,
D5974L,D5974L,Womens Apparel,Evening Dresses,Basix Black Label,,655,0,325,Long dress,WINE,NAVY-WINE-SILVER-CHAMPAGNE-BLACK-PURPLE,SEQUINED-SLEEVELESS,,,,,,,
D5877L,D5877L,Womens Apparel,Evening Dresses,Basix Black Label,1969-12-31,1800,0,795,Evening Dress ,CHAMPAGNE,CHAMPAGNE,BEADED-HALTER-SEQUINED-TULLE-V NECK,,yes,,,,,
Empire Waist Gown,D5831L,Womens Apparel,Evening Dresses,Basix Black Label,,495,0,245,Empire Waist one Shoulder Evening  dress,BROWN,BLACK-BROWN,1 SHOULDER-CRYSTAL-EMPIRE WAIST-FLARE-PLEATED,,,,,,,
D5870L,D5870L,Womens Apparel,Evening Dresses,Basix Black Label,2012-01-20,795,0,395,Evening Dress,CHARCOAL,CHARCOAL-GREEN,SEQUINED-SLEEVELESS-V NECK,,yes,,,,,
D5798L,D5798L,Womens Apparel,Evening Dresses,Basix Black Label,1969-12-31,895,0,445,Long dress,BLACK,BLACK,SLEEVELESS,,,,,,,
1 Sleeve Formal Gown by Basix,D5903L,Womens Apparel,Evening Dresses,Basix Black Label,1969-12-31,1250,0,625,1 sleeve bias shoulder formal gown with sequins and jeweled fringes over nude sheer sleeve and flower on waist ,NUDE NAVY,NUDE NAVY-GUNMETAL,1 SHOULDER-FLOWER-FRINGED-LACE-NUDE-ROSE-SEQUINED,,no,no,,,,
D4480L,D4480L,Womens Apparel,Evening Dresses,Basix Black Label,2012-01-20,845,0,445,Evening Dress,BLACK,BLACK,SLEEVELESS,,,,,,,
D4079L,D4079L,Womens Apparel,Evening Dresses,Basix Black Label,2012-01-20,240,0,120,Evening Dress,FUCHSIA,FUCHSIA,SLEEVELESS-STRAPLESS,,,yes,,,,
D4075L,D4075L,Womens Apparel,Evening Dresses,Basix Black Label,,895,0,445,Evening Dress,CHAMPAGNE,CHAMPAGNE,KEYHOLE-SLEEVELESS,,,yes,,Y,,
D3489L Print Dress By BAsix ,D3489L,Womens Apparel,Evening Dresses,Basix Black Label,1969-12-31,275,495,195,Empire waist spaghetti strap evening dress by Basix,BLUE,BLUE,PRINT-SPAGHETTI STR.,,,yes,,,,
Pleated Empire Evening Gown By Basix,D3592L,Womens Apparel,Evening Dresses,Basix Black Label,1969-12-31,285,485,185,Please and Beaded Evening Gown,WHITE,WHITE-BLACK,BEADED-EMPIRE WAIST-PLEATED,,,yes,,,,
D3865L,D3865L,Womens Apparel,Evening Dresses,Basix Black Label,1969-12-31,325,695,225,Tulle Evening Dress By Basix ,GOLD,GOLD,FLARE-TULLE,,,yes,,,,
D3977L,D3977L,Womens Apparel,Evening Dresses,Basix Black Label,1969-12-31,275,485,185,Velvet Evening Dress By Basix Black Label,BLACK,BLACK,SLEEVELESS,,,yes,,,,
Strapless Evening Dress By Basix,D4072L,Womens Apparel,Evening Dresses,Basix Black Label,1969-12-31,245,395,165,Strapless Eveing Dress with Center Bow,BLACK,BLACK,STRAPLESS,,,yes,,,,
Basix D4118L Evening Dress,D4118L,Womens Apparel,Evening Dresses,Basix Black Label,1969-12-31,395,595,195,Matte Jersey Strapless Side Slit Evening Gown with Flower motif on the bustline ,BLACK,BLACK,FLOWER-SEQUINED-SLEEVELESS-STRAPLESS,,,,,,,
D5770L by Basix,D5770L,Womens Apparel,Evening Dresses,Basix Black Label,1969-12-31,895,0,445,Sleeveless Evening Dress,BLACK,BLACK,NUDE-SEQUINED-SLEEVELESS,,,,,,,
Fringed Evening Gown,D5915L,Womens Apparel,Evening Dresses,Basix Black Label,1969-12-31,795,0,395,Fringed and Paneled Flapper Formal Gown,NAVY,NAVY-BLACK,FRINGED-SPAGHETTI STR.-V NECK,,no,no,,,,
D5977L,D5977L,Womens Apparel,Evening Dresses,Basix Black Label,,895,0,445,Evening Gown,BLACK,BLACK-NAVY,SEQUINED-V NECK,,,,,,,
Tulle Lace pearls and Embroidery Ball Gown ,D5654L,Womens Apparel,Evening Dresses,Basix Black Label,1969-12-31,895,0,445,Embroidered Cap Sleeve Tulle Ball Gown with various flowers made of pearls, sequins and crystal,CHAMPAGNE,CHAMPAGNE,CAP SLEEVE-CRYSTAL-EMBROIDERED-FLOWER-TULLE,,,,,,,
D5827L,D5827L,Womens Apparel,Evening Dresses,Basix Black Label,,1195,0,550,Evening Gown,MULTI,MULTI,3/4 SLEEVE-BEADED-CRYSTAL-FLARE-METALLIC-NUDE,,,,,,,
D6030L,D6030L,Womens Apparel,Evening Dresses,Basix Black Label,2012-09-30,1190,0,595,Evening Dress,COFFEE,COFFEE-SILVER,BEADED-BEADED-LONG-LONG SLEEVE,,no,no,,,,
D6024L,D6024L,Womens Apparel,Evening Dresses,Basix Black Label,2012-09-30,1090,0,545,D6024L,WHITE,WHITE,,,no,no,,,,
D6025L,D6025L,Womens Apparel,Evening Dresses,Basix Black Label,2012-09-30,890,0,445,D6025L,WHITE,WHITE,,,no,no,,,,
D6028L,D6028L,Womens Apparel,Evening Dresses,Basix Black Label,2012-09-30,1090,0,545,D6028L,COFFEE,BEIGE-COFFEE,,,no,no,,,,
D6031L,D6031L,Womens Apparel,Evening Dresses,Basix Black Label,2012-09-30,1090,0,545,D6031L,BLACK,BLACK,,,no,no,,,,
D6033L,D6033L,Womens Apparel,Evening Dresses,Basix Black Label,2012-09-30,1090,0,545,D6033L,BRONZE,BRONZE,,,no,no,,,,
D6046L,D6046L,Womens Apparel,Evening Dresses,Basix Black Label,2012-09-30,1090,0,545,D6046L,GOLD,GOLD,,,no,no,,,,
D6055L,D6055L,Womens Apparel,Evening Dresses,Basix Black Label,2012-09-30,1090,0,545,D6055L,GOLD,GOLD,,,no,no,,,,
D6066L,D6066L,Womens Apparel,Evening Dresses,Basix Black Label,2012-09-30,590,0,295,D6066L,BLACK,BLACK,,,no,no,,,,
D6072L,D6072L,Womens Apparel,Evening Dresses,Basix Black Label,2012-09-30,590,0,295,D6072L,BLACK,BLACK,,,no,no,,,,
D6077L,D6077L,Womens Apparel,Evening Dresses,Basix Black Label,2012-09-30,1090,0,545,D6077L,GUNMETAL,GUNMETAL,,,no,no,,,,
D6083L,D6083L,Womens Apparel,Evening Dresses,Basix Black Label,2012-09-30,690,0,345,D6083L,BLACK,BLACK,,,no,no,,,,
D6020L,D6020L,Womens Apparel,Evening Dresses,Basix Black Label,2012-09-30,790,0,395,D6020L,CHAMPAGNE,CHAMPAGNE,,,no,no,,,,
D6130L,D6130L,Womens Apparel,Evening Dresses,Basix Black Label,2012-09-30,590,0,295,D6130L,RED,RED,,,no,no,,,,
