Product Name,Product Number,Category Name,SubCategory Name,Designer,Product Date,Catalogue Price,Retail Price,Wholesale Price,Product Description,Primary Image Color,Colors,Styles,Events,New Arrival,Clearance,Pre Order,Unpublish,Materials,Trends
Matte Jersey Dress With Sequins,D5707A,Womens Apparel,Cocktail Dresses ,Basix Black Label,1969-12-31,395,0,195,Matte Jersey Cocktail Dress With Crystals on Hem and Collar,BLACK,BLACK,CRYSTAL-SEQUINED-SLEEVELESS,Christmas-Formal-New Year-Party-Valentines,,,,,,
Beaded Strapless Cocktail Dress,D5734A,Womens Apparel,Cocktail Dresses ,Basix Black Label,2011-10-18,550,0,225,Strapless Cocktail Dress,TAUPE,TAUPE,SEQUINED-SHEATH-STRAPLESS,Christmas-Formal-New Year-Party-Valentines-Wedding,,,,,,
Beaded and Crystal Cocktail Dress,D5738A,Womens Apparel,Cocktail Dresses ,Basix Black Label,2011-10-18,695,0,375,Beaded Sequined and Crystal Cocktail Dress,BLACK,Black-PINK-GUNMETAL-GREEN,BEADED-CRYSTAL-HALTER-NUDE-SEQUINED-SLEEVELESS,Christmas-Formal-Graduation-Homecoming-New Year-Party-Prom-Valentines-Wedding,,,,,,
Sexy Cocktail Dress,D5662A,Womens Apparel,Cocktail Dresses ,Basix Black Label,1969-12-31,685,0,345,Basix Cocktail Dress with crystals,NUDE,BLACK-NUDE-GUNMETAL-NUDE NAVY,BEADED-BEADED-LACE-NUDE-PLUNGE-SEQUINED-V NECK,,no,no,,,,
Nude Eyelet Cocktail Dress,D5692A,Womens Apparel,Cocktail Dresses ,Basix Black Label,2011-10-18,595,0,295,one shoulder cocktail dress with nude eyelets,BLACK SILVER,BLACK SILVER-BLUE-GOLD-SILVER,1 SHOULDER-METALLIC-NUDE-SEQUINED-SEQUINED-V NECK,Christmas-Formal-Graduation-Homecoming-New Year-Party-Prom-Valentines-Wedding,,,,,,
Tulle Bell Cocktail Dress,D5653A,Womens Apparel,Cocktail Dresses ,Basix Black Label,2011-10-18,345,0,175,Tulle Strapless Bell Cocktail Dress With Flower on Waist,BLUE,PEACH-PINK-BLUE,BEADED-FLARE-SEQUINED-SLEEVELESS-STRAPLESS-TULLE,Christmas-Homecoming-New Year-Party-Prom,,,,Y,,
Sequined Panel Dress,D5652A,Womens Apparel,Cocktail Dresses ,Basix Black Label,2011-10-18,595,0,295,Sequined panel dress with pleated shoulder pads on sleeve,BLACK,RED-BLACK,BEADED-SEQUINED-SHORT SLEEVE-STRAPLESS-V NECK-TULLE,Christmas-Formal-New Year-Party-Valentines,,,,Y,,
Tulle Flair Dress With Inverse Piping On Bustier,D5602A,Womens Apparel,Cocktail Dresses ,Basix Black Label,2011-10-18,395,0,195,Tulle Flare Cocktail Dress Inverse Piping On Torso and Bustier,GREEN ,GREEN,1 SHOULDER-BEADED-FLARE-TULLE-V NECK-TULLE,Christmas-Formal-New Year-Party-Valentines,,,,,,
Lace Covered Dress,D5593A,Womens Apparel,Cocktail Dresses ,Basix Black Label,2011-10-18,395,0,195,Lace Covered Short  Dress,BLACK,BLACK,LACE-NUDE-SHORT SLEEVE-TULLE-V NECK-TULLE,Christmas-Formal-New Year-Party-Valentines,,,,,,
D5579A,D5579A,Womens Apparel,Cocktail Dresses ,Basix Black Label,2011-10-18,495,0,250,Cocktail Dress,GOLD,GOLD,BEADED-MINI-SEQUINED-SLEEVELESS-STRAPLESS-TULLE,Christmas-New Year-Party-Prom-Valentines-Wedding,,,,,,
Short Sleeve Beaded Dress,D5523A,Womens Apparel,Cocktail Dresses ,Basix Black Label,2011-10-18,445,0,225,Short Sleeve Cocktail Dress with Beading on Sleeve and Shoulders,BLACK,Black,Beaded-Short Sleeve-Sequined-Sleeveless-Strapless-Tulle,Christmas-Daytime-Formal-New Year-Party,,,,Y,,
Sequined V Neck Cocktail Dress,D5494A,Womens Apparel,Cocktail Dresses ,Basix Black Label,2011-10-18,395,0,195,Sequined V Neck Cocktail Dress,BLACK,BLACK,SEQUINED-SLEEVELESS-V NECK-Sleeveless-Strapless-Tulle,Christmas-New Year-Party,,,,,,
D5497A,D5497A,Womens Apparel,Cocktail Dresses ,Basix Black Label,2011-10-18,445,0,225,Cocktail Dress,BLACK,BLACK,BEADED-SEQUINED-SLEEVELESS-STRAPLESS-TULLE-V NECK,Christmas-New Year-Party-Valentines,,,,,,
D5479A,D5479A,Womens Apparel,Cocktail Dresses ,Basix Black Label,2011-10-18,395,0,195,Cocktail Dress,BLACK,Black,Beaded-Boat neck-Mini-Sequined-Sleeveless-Tulle,Christmas-Homecoming-New Year-Party-Valentines,,,,Y,,
Beaded Short Dress,D5448A,Womens Apparel,Cocktail Dresses ,Basix Black Label,1969-12-31,450,0,225,Beaded Short Cocktail Dress,NAVY,GOLD-GUNMETAL-WHITE-PINK-NAVY,MINI-SEQUINED-SLEEVELESS-TULLE,,no,no,,,,
Crystal Embellished Cocktail Dress,D5446A,Womens Apparel,Cocktail Dresses ,Basix Black Label,2011-10-18,495,0,250,Cocktail Dress With Jeweled Motif of Crystals,NUDE,Cream,Beaded-Crystal-Nude-Sequined-Sleeveless-Tulle,Christmas-Formal-New Year-Party-Prom-Valentines-Wedding,,,,Y,,
Multi Layer Cocktail Dress,D5427A,Womens Apparel,Cocktail Dresses ,Basix Black Label,2011-10-18,445,0,225,Multi Layer Cocktail Dress with Beaded Shoulder Panels,TEAL,Black-Blue,Beaded-V Neck-Nude-Sequined-Sleeveless-Tulle,Christmas-Graduation-Homecoming-New Year-Party-Prom-Valentines-Wedding,,,,Y,,
Metallic Cocktail Dress,D5405A,Womens Apparel,Cocktail Dresses ,Basix Black Label,2011-10-18,1195,0,595,Metallic Cocktail Dress with Metal Fringed Epillets,GUNMETAL,Gold-Green-Metallic-Silver,Fringed-Metallic-Nude-Sequined-Sleeveless-Tulle,Christmas-Graduation-Homecoming-New Year-Party-Prom-Valentines-Wedding,,,,,,
Cocktail Dress W Ruched Torso And Jeweled Hemline,D5380A,Womens Apparel,Cocktail Dresses ,Basix Black Label,2011-10-18,395,0,195,Cocktail Dress With Ruched Torso And Jeweled Hem,BLACK,BLACK,CRYSTAL-MINI-PLEATED-SLEEVELESS-STRAPLESS-TULLE,Christmas-Formal-Homecoming-New Year-Party-Prom-Valentines,,,,Y,,
Peak Shoulder Cocktail Dress,D5401A,Womens Apparel,Cocktail Dresses ,Basix Black Label,2011-10-18,285,0,145,Peak Shoulder Beaded Cocktail Dress With Wrap Front and 3/4 Sleeve,BLACK,BLACK,3/4 SLEEVE-BEADED-V NECK-SLEEVELESS-STRAPLESS-TULLE,Christmas-Formal-Graduation-Homecoming-New Year-Party-Valentines,,yes,,,,
Ribbed Dress With Sequins,D5374A,Womens Apparel,Cocktail Dresses ,Basix Black Label,2011-10-18,395,0,195,Ribbed Strapless Cocktail Dress With Sequins,TEAL,Green,Sequined-Sleeveless-Strapless-Wrap-STRAPLESS-Tulle,Prom,,,,,,
V Neck Cocktail Dress,D5373A,Womens Apparel,Cocktail Dresses ,Basix Black Label,2011-10-18,445,0,225,V Neck Cocktail Dress with striped accents of solid fabric and sequins,IVORY,Black,Sequined-Sleeveless-V Neck-Wrap-STRAPLESS-Tulle,Christmas-Formal-Graduation-Homecoming-New Year-Party-Prom-Valentines,,,,,,
V Neck Crystal Rim Cocktail Dress,D5288A,Womens Apparel,Cocktail Dresses ,Basix Black Label,,395,0,195,Cocktail Dress with v neck and crystals on hem and neckline,BLACK,BLACK,CRYSTAL-MINI-STRAPLESS-TULLE-V NECK,Christmas-Formal-Graduation-Homecoming-New Year-Party-Prom-Valentines,,,,,,
Epillet Shoulder Cocktail Dress,D5281A,Womens Apparel,Cocktail Dresses ,Basix Black Label,2011-10-18,445,0,225,Beaded Cocktail Dress with Beaded Bodice and Epillets On Shoulder,BLACK,GUNMETAL-BLACK,BEADED-CAP SLEEVE-V NECK-Wrap-STRAPLESS-Tulle,Christmas-Formal-Graduation-Homecoming-New Year-Party-Prom-Valentines,,,,Y,,
Scalloped Bodice Cocktail Dress,D5277A,Womens Apparel,Cocktail Dresses ,Basix Black Label,2011-10-18,445,0,225,Fringed Strapless Cocktail Dress with Scalloped Bodice,WHITE,SILVER-PINK-WHITE,FRINGED-MINI-SEQUINED-SLEEVELESS-STRAPLESS-Tulle,Christmas-Formal-Graduation-Homecoming-New Year-Party-Prom-Valentines-Wedding,,,,Y,,
Pleated Cocktail Dress,D5276A,Womens Apparel,Cocktail Dresses ,Basix Black Label,2011-10-18,265,0,135,Cocktail Dress With Pleated Waist halter top and sequined bust detail,BLACK,BLACK,HALTER-PLEATED-SLEEVELESS-SLEEVELESS-STRAPLESS-Tulle,Empire-Halter-Pleated-Sequined-Sleeveless-V Neck,,,,,,
D5984A,D5984A,Womens Apparel,Cocktail Dresses ,Basix Black Label,2012-09-30,690,0,345,D5984A,GUNMETAL,GUNMETAL-NUDE NAVY,,,no,no,,,,
D6001A,D6001A,Womens Apparel,Cocktail Dresses ,Basix Black Label,2012-09-30,690,0,345,D6001A,SILVER,SILVER,,,no,no,,,,
Flapper Cocktail Dress,D5115A,Womens Apparel,Cocktail Dresses ,Basix Black Label,2011-10-18,590,0,295,Flapper Cocktail Dress,SILVER,GUNMETAL-SILVER,BEADED-CRYSTAL-FRINGED-MINI-SEQUINED-Tulle,Christmas-Graduation-Homecoming-New Year-Party-Prom,,,,,,
Bugle Beaded Cocktail Sheath Dress,D5116A,Womens Apparel,Cocktail Dresses ,Basix Black Label,1969-12-31,445,0,225,Bugle beaded bodice cocktail dress with fringed bottom,WHITE,GREEN -GOLD-GUNMETAL-SILVER-BLACK-WHITE,BEADED-FRINGED-SEQUINED-SLEEVELESS-STRAPLESS-TULLE,Christmas-Formal-Graduation-New Year-Party-Prom-Valentines,,,,,,
Bell Sleeve Cocktail Dress,D5076A,Womens Apparel,Cocktail Dresses ,Basix Black Label,1969-12-31,245,395,120,Bell Sleeve Flare Cocktail Dress,BLUE,RED-BLUE-GREEN -BLACK,CRYSTAL-EMPIRE WAIST-FLARE-LONG-LONG SLEEVE-SEQUINED-TULLE,,no,yes,,,,
D4323A,D4323A,Womens Apparel,Cocktail Dresses ,Basix Black Label,2011-12-15,120,0,60,Short dress,BLACK,BLACK,FLARE-SEQUINED-SLEEVELESS-STRAPLESS-SEQUINED-Tulle,,,yes,,Y,,
Off Shoulder Cocktail Dress,D4071A,Womens Apparel,Cocktail Dresses ,Basix Black Label,1969-12-31,175,285,60,Off Shoulder Short Dress with pleated shoulders,BLACK,BLACK,SEQUINED-SLEEVELESS-STRAPLESS-TULLE,FLARE-SLEEVELESS,,,yes,Y,,
Halter Top Short Dress,D4374A,Womens Apparel,Cocktail Dresses ,Basix Black Label,1969-12-31,175,285,60,Halter top dress with sequined strap and front pleat on fabric,GREEN ,GREEN,FLARE-HALTER-SLEEVELESS-STRAPLESS-SEQUINED-Tulle,,,yes,,,,
Strapless Cocktail Dress,D4434A,Womens Apparel,Cocktail Dresses ,Basix Black Label,1969-12-31,195,325,60,Short dress,GREEN ,GREEN -CORAL,PLEATED-SEQUINED-SLEEVELESS-STRAPLESS-SEQUINED-Tulle,,,yes,,,,
Metallic Cocktail Dress,D4431A,Womens Apparel,Cocktail Dresses ,Basix Black Label,1969-12-31,195,385,60,Metallic Shimmer Dress,SILVER,SILVER,METALLIC-SHIMMER-SLEEVELESS-STRAPLESS-SEQUINED-Tulle,,,yes,,,,
D5965A,D5965A,Womens Apparel,Cocktail Dresses ,Basix Black Label,,795,0,395,Cocktail Dress,CHARCOAL,CELEDON-CHARCOAL,BEADED-FLARE-SEQUINED-SLEEVELESS-TULLE-V NECK,,yes,,,,,
D5717A,D5717A,Womens Apparel,Cocktail Dresses ,Basix Black Label,2012-01-18,395,0,195,Cocktail dress,WHITE,WHITE,BEADED-MINI-SEQUINED-SPAGHETTI STR.-SEQUINED-Tulle,,yes,,,Y,,
Halter Top Cocktail Dress,D4056A,Womens Apparel,Cocktail Dresses ,Basix Black Label,1969-12-31,185,395,60,Halter Top Cocktail Dress With Crystals,WHITE,GREEN -WHITE,SEQUINED-SPAGHETTI STR.-TULLE,CRYSTAL-FLARE-HALTER-SLEEVELESS,,,yes,Y,,
Empire Waist Dress,D4447B,Womens Apparel,Cocktail Dresses ,Basix Black Label,1969-12-31,185,395,60,Short dress with empire waist and sequined top frame,MAGENTA,ORANGE-MAGENTA-PINK,FLARE-PLEATED-SEQUINED-SLEEVELESS-SEQUINED-Tulle,,,yes,,,,
D3193A,D3193A,Womens Apparel,Cocktail Dresses ,Basix Black Label,2011-12-15,120,0,60,Short dress,NUDE BLACK,NUDE BLACK,NUDE-SEQUINED-SLEEVELESS-SPAGHETTI STR.-V NECK-Tulle,,,yes,,Y,,
V Neck Cocktail Dress,D5181A,Womens Apparel,Cocktail Dresses ,Basix Black Label,1969-12-31,195,395,60,V Neck Cocktail dress with pleated skirt and crystal and sequin details,IVORY,-IVORY,NUDE-SEQUINED-SLEEVELESS-SPAGHETTI STR.-TULLE-V NECK,,,,,Y,,
Diamond Motif Mini Cocktail Dress By BAsix,D5487A,Womens Apparel,Cocktail Dresses ,Basix Black Label,1969-12-31,285,445,0,Diamond motif cocktail dress with sequined triangles on body.,WHITE,WHITE,MINI-SEQUINED-SLEEVELESS-SPAGHETTI STR.-V NECK-Tulle,,,yes,,,,
Beaded Empire Waist Mini Dress,D4052A,Womens Apparel,Cocktail Dresses ,Basix Black Label,1969-12-31,185,345,60,Empire waisted mini dress with beaded waist,BLACK,BLACK,EMPIRE WAIST-MINI-V NECK-SPAGHETTI STR.-V NECK-Tulle,,,yes,,,,
D3540,D3540,Womens Apparel,Cocktail Dresses ,Basix Black Label,2011-12-15,120,0,60,Short dress,BLACK,BLACK,Lace-Pleated-Sleeveless-Strapless-V Neck-Tulle,,,yes,,Y,,
Embroidered Cocktail Dress,D5019A,Womens Apparel,Cocktail Dresses ,Basix Black Label,1969-12-31,195,395,60,3/4 Length Embroidered Flare Dress,IVORY,IVORY,EMBROIDERED-SLEEVELESS-SPAGHETTI STR.-Strapless-V Neck-Tulle,,,yes,,,,
Empire Waist Cap Sleeve Dresss,D4064A,Womens Apparel,Cocktail Dresses ,Basix Black Label,1969-12-31,195,345,60,Empire waist cocktail dress with sequined bust and cap sleeves,BLACK,BLACK-PINK-Pleated flare skirt,SLEEVELESS-SPAGHETTI STR.-STRAPLESS-TULLE-V NECK,BLACK-PINK,,,,Y,,
Shoulder Strap Cocktail Dress,D4239A,Womens Apparel,Cocktail Dresses ,Basix Black Label,1969-12-31,175,255,60,Short Lacy cocktail dress with shoulder straps,GREEN ,GREEN,SLEEVELESS-TULLE-SPAGHETTI STR.-Strapless-V Neck-Tulle,,,yes,,,,
Shawl Cocktail Dress,D5080A,Womens Apparel,Cocktail Dresses ,Basix Black Label,1969-12-31,225,445,60,Sequined flair cocktail dress with built in shawl,CHAMPAGNE,CHAMPAGNE,FLARE-SEQUINED-SPAGHETTI STR.-Strapless-V Neck-Tulle,,,yes,,,,
D5979A,D5979A,Womens Apparel,Cocktail Dresses ,Basix Black Label,,745,0,365,Cocktail dress,CHAMPAGNE,CHAMPAGNE-BLACK-SILVER,BEADED-NUDE-SEQUINED-V NECK,,yes,,,,,
Long Sleeve Cocktail Dress,D5428A,Womens Apparel,Cocktail Dresses ,Basix Black Label,2012-01-15,245,0,545,Metallic cocktail dress with sheer sleeves and crystal embellishements over cowl neck collar,SILVER,SILVER,CRYSTAL-LONG SLEEVE-NUDE-SEQUINED-V Neck-Tulle,,,yes,,,,
Pleated bustier cocktail dress,D4387A,Womens Apparel,Cocktail Dresses ,Basix Black Label,1969-12-31,175,285,60,Short dress with multi pleat body and embellished bustier,MAGENTA,MAGENTA-ANIMAL,MINI-PLEATED-SLEEVELESS-STRAPLESS-V Neck-Tulle,,,yes,,,,
Sequin Accented V Neck Dress,D5100A,Womens Apparel,Cocktail Dresses ,Basix Black Label,1969-12-31,185,385,60,Short dress with sequin v neck and armholes,PINK,PINK,PLEATED-SEQUINED-V NECK-STRAPLESS-V Neck-Tulle,,,yes,,,,
Sequined Sheath Print Dress,D5347A,Womens Apparel,Cocktail Dresses ,Basix Black Label,1969-12-31,275,445,60,Sequined Print Sheath Dress with Sarong Look And Side Bow,BLUE,BLUE,FLOWER-SHEATH-SHIMMER-SLEEVELESS-STRAPLESS-Tulle,,,yes,,,,
D6007A,D6007A,Womens Apparel,Cocktail Dresses ,Basix Black Label,2012-01-18,395,0,195,Cocktail dress,BLACK WHITE,BLACK WHITE,SHEATH-SLEEVELESS-SHIMMER-SLEEVELESS-STRAPLESS-Tulle,,yes,,,Y,,
Lace and Tulle Short Gown,D3861A,Womens Apparel,Cocktail Dresses ,Basix Black Label,1969-12-31,195,445,60,Lace and tulle short evening gown,PINK,PINK,FLARE-SLEEVELESS-SPAGHETTI STR.-STRAPLESS-TULLE-Tulle,,,yes,,,,
D5482A,D5482A,Womens Apparel,Cocktail Dresses ,Basix Black Label,1969-12-31,195,395,60,Short dress,BLACK,BLACK,CRYSTAL-SLEEVELESS-SPAGHETTI STR.-V NECK-TULLE-Tulle,,,yes,,,,
D5926,D5926,Womens Apparel,Cocktail Dresses ,Basix Black Label,2012-01-19,0,0,0,Cocktail dress,BLACK,BLACK,CRYSTAL-SLEEVELESS-SPAGHETTI STR.-V NECK-TULLE-Tulle,,no,,,Y,,
D5768A,D5768A,Womens Apparel,Cocktail Dresses ,Basix Black Label,2012-01-18,695,0,345,Cocktail dress,WHITE,WHITE,BEADED-CRYSTAL-SEQUINED-V NECK-TULLE-Tulle,,yes,,,Y,,
D4246A,D4246A,Womens Apparel,Cocktail Dresses ,Basix Black Label,2011-12-15,120,0,60,Short dress,RED,RED,SLEEVELESS-SPAGHETTI STR.-STRAPLESS-V NECK-TULLE-Tulle,,,yes,,Y,,
Empire waist pleated dress,D4240A,Womens Apparel,Cocktail Dresses ,Basix Black Label,1969-12-31,195,295,60,Short dress with pleated bottom and sequins on waist,MAGENTA,MAGENTA-BLACK,EMPIRE WAIST-PLEATED-SEQUINED-SLEEVELESS-TULLE-Tulle,,,yes,,,,
Empire Cocktail Dress,D4122A,Womens Apparel,Cocktail Dresses ,Basix Black Label,1969-12-31,195,395,125,Empire Cocktail Dress with Bow on Center Bust,SILVER,SILVER,BEADED-EMPIRE WAIST-PLEATED-SEQUINED-SLEEVELESS-V NECK,,,yes,,,,
Halter Top Flare Dress,D4375A,Womens Apparel,Cocktail Dresses ,Basix Black Label,1969-12-31,165,295,60,Short dress with halter top and details on bustier,MAGENTA,BLACK-MAGENTA-PURPLE,CRYSTAL-SLEEVELESS-PLEATED-SEQUINED-SLEEVELESS-V NECK,,,yes,,,,
Sequined Torso Dress,D4237A,Womens Apparel,Cocktail Dresses ,Basix Black Label,1969-12-31,165,265,60,Short dress with sequined and beaded straps and bodice harness detail,BLACK,BLACK-LILAC,PLEATED-SEQUINED-SLEEVELESS-SEQUINED-SLEEVELESS-V NECK,,,yes,,,,
Jeweled Halter Dress By Basix,D4385A,Womens Apparel,Cocktail Dresses ,Basix Black Label,1969-12-31,245,0,165,Jeweled halter top cocktail dress by basix,ORANGE,PURPLE-BLACK-GREEN -MAGENTA--ORANGE,CRYSTAL-HALTER-PLEATED-SLEEVELESS,,,,,Y,,
Sequined Metallic Cocktail Dress,D4185A,Womens Apparel,Cocktail Dresses ,Basix Black Label,2011-10-18,590,0,295,Sequined Cocktail Dress With Circular Motif Of Sequins On Cups,BLUE,BLUE,SEQUINED-SLEEVELESS-V NECK-SEQUINED-SLEEVELESS-V NECK,Christmas-Formal-Graduation-Homecoming-New Year-Party-Prom-Valentines-Wedding,,,,,,
Scoop Neck Mini Dress,D4169A,Womens Apparel,Cocktail Dresses ,Basix Black Label,1969-12-31,595,0,295,Scoop neck mini cocktail dress with bead and crystals,BLACK,SILVER-BLACK-GOLD,BEADED-BEADED-CRYSTAL-MINI-SCOOP NECK-SLEEVELESS-V NECK,,no,no,,,,
D5982A,D5982A,Womens Apparel,Cocktail Dresses ,Basix Black Label,2012-09-30,390,0,195,D5982A,BLACK SILVER,BLACK SILVER,,,no,no,,,,
Scoop Neck Cocktail Dress,D4126A,Womens Apparel,Cocktail Dresses ,Basix Black Label,,595,0,295,Scoop Neck cocktail dress with plunge back,CHAMPAGNE,NAVY-CHARCOAL-CHAMPAGNE-IVORY-BLACK-PLATINUM,BEADED-MINI-PLUNGE-SLEEVELESS-V NECK,Beaded-Plunge-Sleeveless,,,,,,
Scalloped Cocktail Sheath Dress,D4114A,Womens Apparel,Cocktail Dresses ,Basix Black Label,1969-12-31,445,0,225,Sheath Dress with scalloping along the entire surface consisting of sequins and beads over silk foundation. Fully lined construction under silk fabric for light and comfortable wearing experience.,TEAL,TEAL-RED-GREEN -PLATINUM-TAUPE-BLUE-WHITE-BLACK,BEADED-BEADED-SCALLOPED-SEQUINED-SHEATH-SLEEVELESS-STRAPLESS,,no,no,,,,
Pleated Empire Waist Cocktail Dress,D4256A,Womens Apparel,Cocktail Dresses ,Basix Black Label,1969-12-31,175,295,60,Pleated cocktail dress with crystal embellishments by Basix,BLACK,BLACK,CRYSTAL-PLEATED-SLEEVELESS-SHEATH-SLEEVELESS-STRAPLESS,,,yes,,,,
Animal Print Vest Dress,D4292A,Womens Apparel,Cocktail Dresses ,Basix Black Label,1969-12-31,185,345,60,Animal Print Vested Dress With Pleated Accents By Basix,ANIMAL,ANIMAL,PLEATED-PRINT-SLEEVELESS-SHEATH-SLEEVELESS-STRAPLESS,,,yes,,,,
Crinkle Fabric Cocktail Dress,D4300A,Womens Apparel,Cocktail Dresses ,Basix Black Label,1969-12-31,185,295,60,Knee Length Crinkle Fabric Cocktail Dress,RED,RED,FLARE-PLEATED-SHORT SLEEVE-SHEATH-SLEEVELESS-STRAPLESS,,,yes,,,,
Halter Cocktail Dress,D5698A,Womens Apparel,Cocktail Dresses ,Basix Black Label,1969-12-31,245,395,125,Halter Top Dress With Beaded Center Panel,IVORY,IVORY,HALTER-SHEATH-SHIMMER-SLEEVELESS-SLIM-STRAPLESS,,,,,Y,,
Crystal and Lace Strapless Dress,D3950A,Womens Apparel,Cocktail Dresses ,Basix Black Label,2011-10-18,495,0,245,Lace cocktail dress with antique pattern motif on entire body,BLACK,BLACK,BEADED-CRYSTAL-FLARE-LACE-SLEEVELESS-STRAPLESS,Christmas-Formal-Graduation-Homecoming-Party-Prom-Valentines,,,,,,
Sunflower Strapless Dress,D3869A,Womens Apparel,Cocktail Dresses ,Basix Black Label,2011-10-18,250,0,145,Strapless cocktail dress with flower motif on hem,NAVY,BLACK-NAVY,FLARE-SLEEVELESS-STRAPLESS-LACE-SLEEVELESS-STRAPLESS,Christmas-Formal-Graduation-Homecoming-New Year-Party-Prom-Valentines-Wedding,,,,,,
Lace Cocktail Dress,D2538A,Womens Apparel,Cocktail Dresses ,Basix Black Label,1969-12-31,295,0,145,Lace Cocktail Dress With Contrasting Shell,BLACK,BLACK,LACE-SLEEVELESS-SPAGHETTI STR.-STRAPLESS,,no,no,,,,
Diamond Pattern Dress,D3090A,Womens Apparel,Cocktail Dresses ,Basix Black Label,2011-10-18,445,0,225,Diamond and Zig Zag Dress with Sequined Accents,TAUPE,TAUPE-NAVY-BLACK-GREEN,SEQUINED-SLEEVELESS-SPAGHETTI STR.-V NECK-SLEEVELESS-STRAPLESS,Homecoming-Prom,,,,,,
Round Sequined Cocktail Dress,D3373A,Womens Apparel,Cocktail Dresses ,Basix Black Label,1969-12-31,395,0,195,Spaghetti Strap Cocktail Dress With Reflective Round Sequins In Varigated Shades,GOLD,GREEN -GUNMETAL-BLACK-GOLD,MINI-SEQUINED-SLEEVELESS-SPAGHETTI STR.-STRAPLESS,,,,,,,
D6019A,D6019A,Womens Apparel,Cocktail Dresses ,Basix Black Label,,695,0,345,Cocktail Dress,SILVER,BLACK-SILVER,FLOWER-SEQUINED-SLEEVELESS,,,,,,,
Flare Sleeve V Neck Dress,D5745A,Womens Apparel,Cocktail Dresses ,Basix Black Label,2011-10-18,445,0,225,Cocktail Dress With Flare Sleeve And Circular Beaded And Jeweled Motif On Sleeves,BLACK,BLACK,LONG SLEEVE-SEQUINED-SLEEVELESS-SPAGHETTI STR.-SLEEVELESS-STRAPLESS,Beaded-Crystal-Flare-Keyhole-Long Sleeve-V Neck,,,,,,
Lace Sequin and Beaded Dress,D5762A,Womens Apparel,Cocktail Dresses ,Basix Black Label,2011-10-18,490,0,245,Lace over champagne with beads and a flower motif design,CHAMPAGNE,CHAMPAGNE,FLOWER-LACE-SLEEVELESS-STRAPLESS-SLEEVELESS-STRAPLESS,Christmas-Formal-Graduation-Homecoming-New Year-Party-Prom-Valentines-Wedding,,,,,,
Beaded Cocktail Dress,D5763A,Womens Apparel,Cocktail Dresses ,Basix Black Label,2011-10-18,445,0,225,Strapless Cocktail Dress With Hem And Bust Geometric Motif,BLACK,BLACK,SHEATH-SLEEVELESS-STRAPLESS,,no,no,,,,
Beaded Tulle Cocktail Dress,D5764A,Womens Apparel,Cocktail Dresses ,Basix Black Label,,695,0,345,Beaded and Sequined tulle cocktail dress with palm motif,BLACK NUDE,SILVER GUNMETAL-NUDE-NUDE BRONZE-BLACK-Black Nude,BEADED-NUDE-SEQUINED-SLEEVELESS-STRAPLESS-V NECK,Christmas-Formal-Graduation-Homecoming-New Year-Party-Prom-Valentines-Wedding,,,,,,
Sequined Sheer Cocktail Dress,D5769A,Womens Apparel,Cocktail Dresses ,Basix Black Label,,445,0,225,Sequin Sheer Cocktail Dress,NAVY,BLACK-GOLD-NAVY-SILVER,NUDE-SEQUINED-SLEEVELESS-STRAPLESS-V NECK,Christmas-Formal-Graduation-Homecoming-New Year-Party-Prom-Valentines-Wedding,,,,,,
Sleeveless Sequin Panel Dress,D5783A,Womens Apparel,Cocktail Dresses ,Basix Black Label,,695,0,345,Sleeveless Sequined Multi Panel Cocktail Dress With Nude Sections On Back and Sides,GUNMETAL,GUNMETAL-SILVER-CHAMPAGNE-NAVY,BEADED-METALLIC-NUDE-SEQUINED-SLEEVELESS-STRAPLESS,Christmas-Graduation-Homecoming-New Year-Party-Prom-Valentines-Wedding,,,,,,
Basix Shimmer Sequin Panel Dress,D5806A,Womens Apparel,Cocktail Dresses ,Basix Black Label,1969-12-31,895,0,445,Shimmery Sequin panel cocktail dress with nude elements and jeweled front segments by Basix,SILVER,GUNMETAL-SILVER-PINK-NAVY-CHAMPAGNE,CRYSTAL-LONG SLEEVE-NUDE-SEQUINED-SLEEVELESS-STRAPLESS,Christmas-Formal-Graduation-Homecoming-New Year-Party-Prom-Valentines-Wedding,,,,,,
D5816A,D5816A,Womens Apparel,Cocktail Dresses ,Basix Black Label,2011-10-18,585,0,285,Cocktail Dress,BLACK,BLACK,CRYSTAL-SLEEVELESS-V NECK-SEQUINED-SLEEVELESS-STRAPLESS,Christmas-Formal-Graduation-Homecoming-New Year-Party-Prom-Valentines-Wedding,yes,,,,,
Empire waist baby doll dress,D3922A,Womens Apparel,Cocktail Dresses ,Basix Black Label,2011-12-22,120,0,60,Empire waist baby doll dress,BLACK,BLACK,EMPIRE WAIST-PLEATED-SLEEVELESS-SPAGHETTI STR.-SLEEVELESS-STRAPLESS,,,yes,,,,
Strapless 3/4 Length Dress,D3540A,Womens Apparel,Cocktail Dresses ,Basix Black Label,1969-12-31,235,395,60,3/4 Length Dress with wavy pattern made of lace in a ruched motif on hem,BLACK,BLACK,PLEATED-SLEEVELESS-SPAGHETTI STR.-STRAPLESS,LACE-SLEEVELESS-STRAPLESS,,,yes,Y,,
Ombre Jeweled Cocktail Dress,D3406A,Womens Apparel,Cocktail Dresses ,Basix Black Label,1969-12-31,195,395,60,Jeweled and Sequined Cocktail Dress organized in a an ombre pattern,ORANGE,ORANGE,BEADED-SEQUINED-SHIMMER-SLEEVELESS-V NECK-STRAPLESS,,,yes,,,,
Spaghetti Strap Mini Dress,D3318A,Womens Apparel,Cocktail Dresses ,Basix Black Label,1969-12-31,165,285,60,Mini Dress with accents on bust and hem,WHITE,WHITE,BEADED-SLEEVELESS-SPAGHETTI STR.-SLEEVELESS-V NECK-STRAPLESS,,,yes,,,,
Knee Length V neck Cocktail Dress,D3337A,Womens Apparel,Cocktail Dresses ,Basix Black Label,1969-12-31,195,395,60,V neck knee length cocktail dress with sequined access on borders and waist,RUST,RUST,EMPIRE WAIST-SLEEVELESS-V NECK-SLEEVELESS-V NECK-STRAPLESS,,,yes,,,,
Sequined Mini Dress,D3383A,Womens Apparel,Cocktail Dresses ,Basix Black Label,1969-12-31,165,285,60,Mini Dress with Sequins on bust and hem,WHITE,WHITE,SEQUINED-SHIMMER-SLEEVELESS-SPAGHETTI STR.-V NECK-STRAPLESS,,,yes,,,,
D4280A,D4280A,Womens Apparel,Cocktail Dresses ,Basix Black Label,1969-12-31,175,295,60,Short dress,BLACK,BLACK,CRYSTAL-HALTER-SLEEVELESS-SPAGHETTI STR.-V NECK-STRAPLESS,,,yes,,,,
Sheath Cocktail Dress With Crystal Waist,D5931A,Womens Apparel,Cocktail Dresses ,Basix Black Label,2012-01-08,595,0,295,Strapless sheath dress with sequin and crystal motif on entire body,CHAMPAGNE,CHAMPAGNE,CRYSTAL-MINI-SEQUINED-SHEATH-SLEEVELESS-STRAPLESS,,yes,,,,,
Sequined Bubble Dress,D4102A,Womens Apparel,Cocktail Dresses ,Basix Black Label,1969-12-31,445,445,225,Sequined Cocktail Sleeveless Strapless Dress By Basix ,CHAMPAGNE,BLACK-CHAMPAGNE,SEQUINED-STRAPLESS,,,,,,,
Nude and sequin motif LS cocktail dress,D5977A,Womens Apparel,Cocktail Dresses ,Basix Black Label,2012-01-08,895,0,445,Long Sleeve Nude and Sequin Cocktail Dress,BLACK,BLACK,LONG SLEEVE-SEQUINED-SEQUINED-SHEATH-SLEEVELESS-STRAPLESS,,yes,,,,,
Lace Accent Cocktail Dress,D3260A,Womens Apparel,Cocktail Dresses ,Basix Black Label,1969-12-31,195,425,60,Cocktail Dress With Sheer Top,BLUSH,BLUSH,SEQUINED-SHEATH-SLEEVELESS-STRAPLESS,LACE-SHORT SLEEVE,,,yes,Y,,
V neck Long Sleeve Cocktail Dress,D5917AS,Womens Apparel,Cocktail Dresses ,Basix Black Label,2012-01-08,495,0,245,Long Sleeve Sequin Cocktail Dress,BLACK,BLACK,LONG SLEEVE-SEQUINED-V NECK-SHEATH-SLEEVELESS-STRAPLESS,,,,,,,
D5898A,D5898A,Womens Apparel,Cocktail Dresses ,Basix Black Label,2012-01-08,595,0,295,V neck cocktail dress with sequins and waist sash,GOLD,GOLD,SEQUINED-SLEEVELESS-V NECK-SHEATH-SLEEVELESS-STRAPLESS,,,,,,,
D5899A,D5899A,Womens Apparel,Cocktail Dresses ,Basix Black Label,2012-01-08,445,0,225,Tulle and Sequin Cocktail Dress with flower on waist and flare skirt,NAVY,NAVY,FLARE-FLOWER-SEQUINED-TULLE-SLEEVELESS-STRAPLESS,,,,,,,
Cocktail Dress With Short Train,D5908A,Womens Apparel,Cocktail Dresses ,Basix Black Label,2012-01-08,495,0,245,Sleeveless Cocktail Dress with Sequin and Bead Motif on Bustier and Longer Mini train On Back,NAVY,NAVY,BEADED-FLARE-SEQUINED-SLEEVELESS-STRAPLESS-STRAPLESS,,,,,,,
Sequined Hem Cocktail Dress,D4123A,Womens Apparel,Cocktail Dresses ,Basix Black Label,1969-12-31,185,295,60,Sequined Hem Spaghetti Strap Cocktail Dress,BLACK,BLACK,SEQUINED-SPAGHETTI STR.-SEQUINED-SLEEVELESS-STRAPLESS-STRAPLESS,,,yes,,,,
T2844,T2844,Womens Apparel,Cocktail Dresses ,Basix Black Label,1969-12-31,120,240,60,Short dress,BLACK,BLACK,BEADED-MINI-SHIMMER-SLEEVELESS-STRAPLESS-TULLE,,,yes,,Y,,
Lace Cocktail Dress,D5797A,Womens Apparel,Cocktail Dresses ,Basix Black Label,1969-12-31,245,445,60,Short dress,BLACK,BLACK,LACE-SLEEVELESS-SHIMMER-SLEEVELESS-STRAPLESS-TULLE,,,yes,,,,
Tulle Sequined Flower Dress,D5742A,Womens Apparel,Cocktail Dresses ,Basix Black Label,2011-10-18,545,0,275,Tulle Sequined Dress V Neck On Front and  Back with Flower Motif and Thin Waist Sash,PINK,PINK,SEQUINED-SLEEVELESS-TULLE-V NECK-STRAPLESS-TULLE,Christmas-Formal-Homecoming-New Year-Party-Prom-Valentines-Wedding,,,,,,
Mini Cocktail Dress,D4067A,Womens Apparel,Cocktail Dresses ,Basix Black Label,1969-12-31,195,295,60,Short Pleated and Crystal Embellished Cocktail Dress,RED,RED,CRYSTAL-FLARE-MINI-PLEATED-SLEEVELESS-TULLE,,,yes,,,,
Matte Jersey and Crystal Dress,D5925A,Womens Apparel,Cocktail Dresses ,Basix Black Label,1969-12-31,285,445,225,Matte jersey black cocktail dress with round crystal eyelet openings,BLACK,BLACK,CRYSTAL-KEYHOLE-SLEEVELESS-V NECK-SLEEVELESS-TULLE,,,yes,,,,
Crystal Stone Cocktail Dress,D5919A,Womens Apparel,Cocktail Dresses ,Basix Black Label,2011-10-18,395,0,195,Matte jersey cocktail dress with crystals on tulle,BLACK,BLACK,1 SHOULDER-BEADED-MINI-NUDE-SEQUINED-SHIMMER,Christmas-Formal-Graduation-Homecoming-New Year-Party-Prom-Valentines-Wedding,,,,,,
Beaded Dress Keyhole Accent,D4075A,Womens Apparel,Cocktail Dresses ,Basix Black Label,2011-10-18,445,0,225,Beaded cocktail dress with keyhole opening on bust and cross back straps,BLACK,BLACK,BEADED-MINI-SLEEVELESS-NUDE-SEQUINED-SHIMMER,Christmas-Homecoming-New Year-Party-Prom-Valentines,,,,,,
Fringed Panel Dress,D5915A,Womens Apparel,Cocktail Dresses ,Basix Black Label,,455,0,225,Flapper cocktail dress with fringes,WHITE,BLACK-WHITE-NAVY,FRINGED-NUDE-SEQUINED-SHIMMER-SLEEVELESS-V NECK,Christmas-Formal-Homecoming-New Year-Party-Prom-Valentines-Wedding,,,,,,
Long Sleeve Rope Dress,D5912A,Womens Apparel,Cocktail Dresses ,Basix Black Label,2011-10-18,245,445,225,Cocktail Dress,BLACK,BLACK,LONG SLEEVE-PLUNGE-V NECK-NUDE-SEQUINED-SHIMMER,Christmas-Homecoming-New Year-Party-Prom-Valentines,,yes,,,,
Sunburst Cocktail Dress,D5904A,Womens Apparel,Cocktail Dresses ,Basix Black Label,2011-10-18,285,495,245,Diagonal blue stripes over nude in a sunburst pattern,NUDE NAVY,NUDE NAVY,BEADED-PLUNGE-SEQUINED-SLEEVELESS-V NECK-SHIMMER,Christmas-Formal-Graduation-Homecoming-New Year-Party-Prom-Valentines-Wedding,,yes,,,,
Ombre Sequined Dress,D5883A,Womens Apparel,Cocktail Dresses ,Basix Black Label,2011-10-18,220,495,245,Cocktail Dress  in Ombre Sequined Pattern,BRONZE,BRONZE,SEQUINED-SLEEVELESS-STRAPLESS-SLEEVELESS-V NECK-SHIMMER,Christmas-Graduation-Homecoming-New Year-Party-Prom-Valentines-Wedding,,yes,,,,
Deep V Front Cocktail Dress,D5877A,Womens Apparel,Cocktail Dresses ,Basix Black Label,,695,0,345,Beaded silk chiffon cocktail dress with deep v front,BLUE,BRONZE-BLUE-SILVER,BEADED-CRYSTAL-SEQUINED-SHIMMER-SLEEVELESS-V NECK,Christmas-Homecoming-New Year-Party-Prom-Valentines-Wedding,,,,,,
Spider Web Dress,D5875A,Womens Apparel,Cocktail Dresses ,Basix Black Label,2011-10-18,695,0,345,Strapless a-line cocktail dress with jewels and crystals,GUNMETAL,GUNMETAL,CRYSTAL-FLARE-METALLIC-SEQUINED-SLEEVELESS-STRAPLESS-V NECK,Christmas-Formal-Graduation-Homecoming-New Year-Party-Prom-Valentines-Wedding,,,,,,
V Neck Matte Jersey Dress,D5871A,Womens Apparel,Cocktail Dresses ,Basix Black Label,2011-10-18,385,0,195,Cocktail Dress with sequined V Neck on front,NAVY,BLACK-NAVY,SEQUINED-SHEATH-SLEEVELESS-STRAPLESS-V NECK-STRAPLESS-V NECK,Christmas-Formal-Homecoming-New Year-Party-Prom-Valentines,,,,Y,,
Beaded Crystal Dress,D5868A,Womens Apparel,Cocktail Dresses ,Basix Black Label,,695,0,345,Cocktail Dress with crystal and bead work,NUDE NAVY,NUDE NAVY-NUDE GUNMETAL-NUDE BRONZE,BEADED-CRYSTAL-METALLIC-NUDE-SEQUINED-SLEEVELESS-V NECK,Christmas-Formal-Graduation-Homecoming-New Year-Party-Prom-Valentines-Wedding,,,,,,
Frame V Neck Cocktail Dress,D5866A,Womens Apparel,Cocktail Dresses ,Basix Black Label,2011-10-18,370,0,195,Sexy cocktail dress with striped opening in front,BLACK,BLACK,KEYHOLE-MINI-SEQUINED-SLEEVELESS-SEQUINED-SLEEVELESS-V NECK,Christmas-Homecoming-New Year-Party-Prom-Valentines,,,,,,
D5861A,D5861A,Womens Apparel,Cocktail Dresses ,Basix Black Label,2011-10-18,545,0,275,Cocktail Dress,NAVY,NAVY-GREEN,MINI-SEQUINED-SLEEVELESS-SLEEVELESS-SEQUINED-SLEEVELESS-V NECK,Christmas-Formal-Graduation-Homecoming-Party-Prom-Valentines-Wedding,,,,,,
Crystal Beaded Mini Dress,D5855A,Womens Apparel,Cocktail Dresses ,Basix Black Label,1969-12-31,690,0,345,Cocktail Dress embellished with crystal,BLUE,BLUE,SEQUINED-SLEEVELESS-V NECK,BLUE,,,yes,,,
D5230A,D5230A,Womens Apparel,Cocktail Dresses ,Basix Black Label,,185,395,195,Sequined Cocktail Dress with Flower on Waist ,BLACK,BLACK,FLOWER-SEQUINED-SLEEVELESS,,,yes,,,,
Silk Chiffon Cocktail Dress,D5852A,Womens Apparel,Cocktail Dresses ,Basix Black Label,2011-10-18,585,0,295,Silk Chiffon cocktail dress with sheer opening on top,SILVER,BLACK-SILVER,BEADED-PLUNGE-SEQUINED-SLEEVELESS-V NECK-SLEEVELESS-V NECK,Christmas-Formal-Homecoming-New Year-Party-Prom-Valentines-Wedding,,,,,,
Beaded Jersey Cocktail Dress,D5838A,Womens Apparel,Cocktail Dresses ,Basix Black Label,2011-10-18,445,0,225,Black jersey dress with special beading on bust and hip,BLACK,BLACK,BEADED-SLEEVELESS-V NECK-SLEEVELESS-V NECK-SLEEVELESS-V NECK,Christmas-Formal-Graduation-Homecoming-New Year-Prom-Valentines-Wedding,yes,,,,,
Sequined cocktail dress,D5784A,Womens Apparel,Cocktail Dresses ,Basix Black Label,,495,0,245,sequined cocktail dress,BLACK,GOLD-BLACK,PLUNGE-SEQUINED-SLEEVELESS-V NECK,Christmas-Formal-Homecoming-New Year-Party-Prom-Valentines-Wedding,yes,,,,,
Multi Striped Cocktail Dress,D5824A,Womens Apparel,Cocktail Dresses ,Basix Black Label,2011-10-18,590,0,295,Beaded multi striped sheer cocktail dress,SILVER GUNMETAL,Silver Gunmetal-BLUE-BLACK,NUDE-SEQUINED-SLEEVELESS-V NECK-V NECK-SLEEVELESS-V NECK,Christmas-Formal-Graduation-Homecoming-New Year-Party-Prom-Valentines-Wedding,,,,,,
One Shoulder Sheath Dress,D5929A,Womens Apparel,Cocktail Dresses ,Basix Black Label,2011-10-18,395,0,195,one shoulder cocktail dress with beaded top strap and bust,SILVER,SILVER-BLACK,1 SHOULDER-BEADED-BEADED-SEQUINED-SLEEVELESS-V NECK,,no,no,,,,
D5878A,D5878A,Womens Apparel,Cocktail Dresses ,Basix Black Label,1969-12-31,795,0,375,Cocktail Dress,SKY BLUE,SKY BLUE,SEQUINED-SLEEVELESS-V NECK,,,,,,,
Multi Panel Beaded Cocktail Dress,D5452A,Womens Apparel,Cocktail Dresses ,Basix Black Label,2011-10-18,895,0,445,Multi Panel Beaded One Shoulder Cocktail Dress,GOLD,Gold,1 Shoulder-Beaded-Plunge-Sequined-Sleeveless-Strapped-Strapped-V Neck,Christmas-Formal-Homecoming-New Year-Party-Prom-Valentines-Wedding,,,,,,
Animal Print Ruched Multi Pleated Dress,D5623A,Womens Apparel,Cocktail Dresses ,Basix Black Label,2011-10-18,395,0,195,Animal Print Ruched Multi Pleated Dress,ANIMAL,Animal,Print-Sleeveless-Plunge-Sequined-Sleeveless-Strapped-Strapped-V Neck,New Year-Party-Prom,,,,Y,,
Animal Print Sheath Dress,D5624A,Womens Apparel,Cocktail Dresses ,Basix Black Label,2011-10-18,120,0,60,Cocktail Dress,ANIMAL,Animal,Beaded-Mini-Off Shoulder-Print-Sequined-Strapless-Strapped-V Neck,Christmas-Homecoming-New Year-Party-Prom-Valentines-Wedding,,yes,,Y,,
Animal Print Dress,D5627A,Womens Apparel,Cocktail Dresses ,Basix Black Label,2011-10-18,120,0,60,Cocktail Dress,ANIMAL,ANIMAL,MINI-PRINT-STRAPLESS-Print-Sequined-Strapless-Strapped-V Neck,,,yes,,Y,,
Mosaic Panel Dress,D5659A,Womens Apparel,Cocktail Dresses ,Basix Black Label,2011-10-18,285,445,0,Mosaic Panel Cocktail Dress Made of Interlocked Beaded Panel Segments,BRONZE,BRONZE,Beaded-Mini-Off Shoulder-Print-Sequined-Strapless-Strapped-V Neck,Christmas-Daytime-Formal-New Year-Wedding,,yes,,Y,,
D5661A,D5661A,Womens Apparel,Cocktail Dresses ,Basix Black Label,2011-10-18,445,0,225,Cocktail Dress,GRAY,GRAY-BLACK,BEADED-PLEATED-PRINT-SEQUINED-STRAPLESS-V NECK-Strapped-V Neck,Christmas-Formal-Homecoming-New Year-Party-Prom-Valentines-Wedding,,,,Y,,
3/4 Sleeve Formal Short Dress,D5700A,Womens Apparel,Cocktail Dresses ,Basix Black Label,2011-10-18,495,0,245,3/4 Sleeve Sequined dress,BLACK,BLACK,3/4 SLEEVE-SEQUINED-PRINT-SEQUINED-STRAPLESS-V NECK-Strapped-V Neck,Christmas-Daytime-Formal-New Year-Party-Valentines,,,,Y,,
Tulle Sequined Cocktail Dress,D5770A,Womens Apparel,Cocktail Dresses ,Basix Black Label,1969-12-31,650,0,325,Sequined Nude Cocktail Dress With Nude Elements and Tulle,BRONZE,BLACK-BRONZE-IVORY-PINK,BEADED-BEADED-NUDE-SEQUINED-SLEEVELESS-STRAPLESS-V NECK,,no,no,,,,
Triangle Eyelet Cocktail Dress,D5777A,Womens Apparel,Cocktail Dresses ,Basix Black Label,2011-10-18,445,0,225,Cocktail Dress With Triangular Eyelets With Tulle On Mesh Back,SILVER,Blue-Red-Silver,Beaded-Mini-Nude-Sequined-Sleeveless-Tulle-Strapped-V Neck,Christmas-Formal-Graduation-Homecoming-New Year-Party-Prom-Valentines-Wedding,,,,Y,,
Shoulder Pad Cocktail Dress,D5779A,Womens Apparel,Cocktail Dresses ,Basix Black Label,2011-10-18,445,0,225,Cocktail Dress With Sequins Beads And Shoulder Pads,BLUE,BLUE-BLACK,LONG SLEEVE-NUDE-SEQUINED-Sequined-Sleeveless-Tulle-Strapped-V Neck,Christmas-Formal-Homecoming-New Year-Party-Valentines-Wedding,,,,,,
Off Shoulder Dress,D5800A,Womens Apparel,Cocktail Dresses ,Basix Black Label,2011-10-18,675,0,325,Cocktail Dress,BLACK,BLACK,3/4 SLEEVE-BOAT NECK-SEQUINED-Sequined-Sleeveless-Tulle-Strapped-V Neck,Formal,yes,,,Y,,
D5801A,D5801A,Womens Apparel,Cocktail Dresses ,Basix Black Label,2011-10-18,275,0,140,Cocktail Dress,SILVER,SILVER-BLACK,FRINGED-PLUNGE-SEQUINED-SLEEVELESS-Sleeveless-Tulle-Strapped-V Neck,Christmas-Formal-Homecoming-New Year-Party-Prom-Valentines-Wedding,,,,,,
D5804A,D5804A,Womens Apparel,Cocktail Dresses ,Basix Black Label,2011-10-18,445,0,225,Cocktail Dress,BLACK,BLACK,PLUNGE-SEQUINED-SLEEVELESS-TULLE-Sleeveless-Tulle-Strapped-V Neck,Christmas-Homecoming,,,,,,
Animal Print Cocktail Dress,D5807A,Womens Apparel,Cocktail Dresses ,Basix Black Label,2011-10-18,495,0,245,Cocktail Dress,NUDE,NUDE,PRINT-SLEEVELESS-V NECK-TULLE-Sleeveless-Tulle-Strapped-V Neck,Christmas-Formal-Graduation-Homecoming-New Year-Party-Prom-Valentines-Wedding,,,,Y,,
Beaded Waist Cocktail Dress,D5817A,Womens Apparel,Cocktail Dresses ,Basix Black Label,2011-10-18,120,0,60,Teal Cocktail Dress With Beaded Waist,TEAL,TEAL,BEADED-SLEEVELESS-V NECK-TULLE-Sleeveless-Tulle-Strapped-V Neck,Christmas-New Year-Party-Prom-Valentines-Wedding,,yes,,,,
V Neck Cocktail Dress,D5819A,Womens Apparel,Cocktail Dresses ,Basix Black Label,2011-10-18,445,0,225,Cocktail Dress,BLACK,BLACK,BEADED-SLEEVELESS-V NECK-TULLE-Sleeveless-Tulle-Strapped-V Neck,Christmas-Daytime-Formal-Graduation-Homecoming-New Year-Party-Prom-Valentines-Wedding,,,,,,
Multi Panel Cocktail Dress,D5822A,Womens Apparel,Cocktail Dresses ,Basix Black Label,2011-10-18,575,0,275,Multi Panel Sequined Cocktail Dress,SILVER,SILVER,SEQUINED-SHIMMER-SLEEVELESS-V NECK-Sleeveless-Tulle-Strapped-V Neck,Christmas-Formal-Graduation-Homecoming-New Year-Party-Prom-Valentines-Wedding,,,,,,
D5827A,D5827A,Womens Apparel,Cocktail Dresses ,Basix Black Label,1969-12-31,690,0,345,Cocktail Dress,MULTI,MULTI,BEADED-NUDE-SEQUINED-SLEEVELESS-TULLE-V NECK,Christmas-Formal-Graduation-Homecoming-New Year-Party-Prom-Valentines-Wedding,,,,,,
Caped Cocktail Dress,D5829A,Womens Apparel,Cocktail Dresses ,Basix Black Label,2011-10-18,165,0,60,Caped Cocktail Dress,BLACK,BLACK,BEADED-FRINGED-NUDE-PLUNGE-SLEEVELESS-V NECK-Strapped-V Neck,Christmas-Formal-New Year-Party-Valentines,,yes,,,,
D5841A,D5841A,Womens Apparel,Cocktail Dresses ,Basix Black Label,2011-10-18,395,0,195,Cocktail Dress,BLACK,BLACK,HALTER-SEQUINED-SLEEVELESS-PLUNGE-SLEEVELESS-V NECK-Strapped-V Neck,Christmas-Formal-Graduation-Homecoming-New Year-Party-Prom-Valentines-Wedding,yes,,,Y,,
Cocktail Dress with lace and crystal,D5849A,Womens Apparel,Cocktail Dresses ,Basix Black Label,2011-10-18,695,0,345,Cocktail Dress,PLATINUM,PLATINUM,BEADED-CRYSTAL-NUDE-SEQUINED-V NECK-V NECK-Strapped-V Neck,Christmas-Formal-Homecoming-New Year-Party-Prom-Valentines-Wedding,yes,,,Y,,
D5853A,D5853A,Womens Apparel,Cocktail Dresses ,Basix Black Label,2011-10-18,695,0,345,Cocktail Dress,CHAMPAGNE,CHAMPAGNE-GOLD-BLUE,BEADED-PLUNGE-SEQUINED-V NECK-V NECK-V NECK-Strapped-V Neck,Christmas-Formal-Graduation-Homecoming-New Year-Party-Prom-Valentines-Wedding,,,,,,
Long Sleeve Cocktail Dress,D5856A,Womens Apparel,Cocktail Dresses ,Basix Black Label,,895,0,445,Long Sleeve Cocktail Dress,BLUE NUDE,BLUE NUDE-NUDE GUNMETAL,BEADED-CRYSTAL-LONG SLEEVE-METALLIC-NUDE-SEQUINED-V NECK,Christmas-Formal-Graduation-Homecoming-New Year-Party-Prom-Valentines-Wedding,yes,,,,,
Short Sleeve Open Back Dress,D5857A,Womens Apparel,Cocktail Dresses ,Basix Black Label,2011-10-18,575,0,295,Short Sleeve Open Back Cocktail Dress,BLACK,SILVER-BLACK,SEQUINED-SHORT SLEEVE-LONG SLEEVE-METALLIC-NUDE-SEQUINED-Strapped-V Neck,Christmas-Formal-New Year-Party-Wedding,yes,,,Y,,
Open Back Cocktail Dress,D5860A,Womens Apparel,Cocktail Dresses ,Basix Black Label,2011-10-18,695,0,345,Open Back 3/4 Sleeve Cocktail Dress,BLACK,SILVER-BLUE-BLACK,3/4 SLEEVE-BEADED-SEQUINED-METALLIC-NUDE-SEQUINED-Strapped-V Neck,Christmas-Formal-Graduation-Homecoming-New Year-Party-Valentines-Wedding,yes,,,Y,,
Beaded Sequined Cocktail Dress,D5863A,Womens Apparel,Cocktail Dresses ,Basix Black Label,,595,0,295,Beaded cocktail Dress With Crystals And Sequins,BLACK NUDE,GOLD-BLACK-Black Nude,BEADED-CRYSTAL-LONG SLEEVE-SEQUINED-V NECK,Christmas-Formal-New Year-Party-Valentines,,,,,,
Geometric Pattern Cocktail Dress,D5885A,Womens Apparel,Cocktail Dresses ,Basix Black Label,2011-10-18,695,0,345,Geometric Pattern Cocktail Dress,CHAMPAGNE,CHAMPAGNE,BEADED-PLUNGE-SEQUINED-SLEEVELESS-V NECK-SEQUINED-Strapped-V Neck,Christmas-Formal-Graduation-Homecoming-Party-Prom-Valentines-Wedding,,,,,,
Strapless Panel Cocktail Dress,D5914A,Womens Apparel,Cocktail Dresses ,Basix Black Label,2011-10-18,445,0,225,Pnneled Sequin Cocktail Dress with bead accents separating panels,BLACK GUNMETAL,BLACK GUNMETAL,BEADED-SEQUINED-SLEEVELESS-STRAPLESS-V NECK-SEQUINED-Strapped-V Neck,Christmas-Formal-Graduation-Homecoming-New Year-Party-Prom-Valentines,,,,Y,,
Chevron Shimmer Cocktail Dress,D5933A,Womens Apparel,Cocktail Dresses ,Basix Black Label,2011-10-18,395,0,195,Beaded and Sequined Chevron Shimmer Cocktail Dress,SILVER,SILVER,SEQUINED-SHEATH-SHIMMER-SLEEVELESS-STRAPLESS-SEQUINED-Strapped-V Neck,Christmas-Formal-Graduation-Homecoming-New Year-Party-Prom-Valentines-Wedding,,,,,,
Beaded Flare and Sash Cocktail Dress,D5734B,Womens Apparel,Cocktail Dresses ,Basix Black Label,2011-10-23,545,0,275,Sequined Flare Cocktail Dress,TAUPE,TAUPE,FLARE-SEQUINED-SLEEVELESS-STRAPLESS-V NECK-SEQUINED-Strapped-V Neck,TAUPE,,,Christmas-Formal-New Year-Part,,,
D5782A,D5782A,Womens Apparel,Cocktail Dresses ,Basix Black Label,2011-11-04,585,0,295,Cocktail Dress,GOLD,GOLD,BEADED-SEQUINED-SLEEVELESS-STRAPLESS-V NECK-SEQUINED-Strapped-V Neck,Christmas-Formal-Graduation-Homecoming-New Year-Party-Prom-Valentines-Wedding,,,,,,
Black And White Dress,D3831A,Womens Apparel,Cocktail Dresses ,Basix Black Label,1969-12-31,225,395,60,Two Tone Dress With Special Accents on Bust,BLACK WHITE,BLACK WHITE,CRYSTAL-SLEEVELESS-SLEEVELESS-STRAPLESS-V NECK-SEQUINED-Strapped-V Neck,Christmas-Daytime-Graduation-Homecoming-New Year-Party-Valentines-Wedding,,yes,,,,
Matte Jersey and Sequin Dress,D4480A,Womens Apparel,Cocktail Dresses ,Basix Black Label,2011-11-06,395,0,195,Matte Jersey & Sequined Cocktail Dress,BLACK,BLACK,SEQUINED-SLEEVELESS-SLEEVELESS-STRAPLESS-V NECK-SEQUINED-Strapped-V Neck,Christmas-Formal-New Year-Wedding,,,,,,
Sequin and Lace Cocktail Dress By Basix,D4193A,Womens Apparel,Cocktail Dresses ,Basix Black Label,1969-12-31,195,395,60,Short dress by basix,BLACK,BLACK,LACE-SLEEVELESS-SPAGHETTI STR.-V NECK-V NECK-SEQUINED-Strapped-V Neck,,,yes,,,,
Mini Dress With Sequin Sash,D3490A,Womens Apparel,Cocktail Dresses ,Basix Black Label,1969-12-31,165,295,60,Short dress with sash and sequined bust and shoulder straps,WHITE,WHITE,MINI-SEQUINED-SLEEVELESS-V NECK-V NECK-SEQUINED-Strapped-V Neck,,,yes,,,,
Lace and tulle cocktail dress by Basix,D3917A,Womens Apparel,Cocktail Dresses ,Basix Black Label,1969-12-31,195,345,60,lace an tulle embellished cocktail dress,WHITE,WHITE,LACE-SLEEVELESS-TULLE-V NECK-V NECK-SEQUINED-Strapped-V Neck,,,yes,,,,
Multi Color Beaded Crystal Cocktail Dress,D5837A,Womens Apparel,Cocktail Dresses ,Basix Black Label,,695,0,345,Short dress of multi colored beads,MULTI,MULTI,SEQUINED-SLEEVELESS-TULLE-V NECK,MULTI,,,,,,
Tulle Cocktail Dress,D5154A,Womens Apparel,Cocktail Dresses ,Basix Black Label,2012-01-03,395,0,195,Tulle And Crystal Cocktail Dress,IVORY,IVORY,CRYSTAL-FLARE-TULLE-V NECK-V NECK-SEQUINED-Strapped-V Neck,,,,,,,
D5052A,D5052A,Womens Apparel,Cocktail Dresses ,Basix Black Label,1969-12-31,165,295,60,COCKTAIL DRESS,BLUE,BLUE,BEADED-CRYSTAL-SEQUINED-SLEEVELESS-V NECK-SEQUINED-Strapped-V Neck,,,yes,,,,
Ball Dress 3 /4,D5035A,Womens Apparel,Cocktail Dresses ,Basix Black Label,1969-12-31,195,385,60,3/4 Length ball Dress,WHITE,WHITE,CAP SLEEVE-PLEATED-V NECK-SLEEVELESS-V NECK-SEQUINED-Strapped-V Neck,,,yes,,,,
D5917A,D5917A,Womens Apparel,Cocktail Dresses ,Basix Black Label,,445,0,225,Cocktail Dress,BLACK,BLACK,SEQUINED-SLEEVELESS-V NECK,,,,,,,
Long Sleeve Sequined Cocktail Dress,D5970A,Womens Apparel,Cocktail Dresses ,Basix Black Label,,445,0,225,Cocktail Dress with sequins on top and sleeves,BLACK,BLACK,3/4 SLEEVE-SEQUINED-SLEEVELESS-V NECK,,,,,,,
D5972A,D5972A,Womens Apparel,Cocktail Dresses ,Basix Black Label,,495,0,245,Cocktail Dress,BLACKGOLD,BLACKGOLD-,METALLIC-MINI-SEQUINED-SLEEVELESS-V NECK,,,,,,,
D5773A,D5773A,Womens Apparel,Cocktail Dresses ,Basix Black Label,2012-01-19,0,0,0,Cocktail dress,PEACH,PEACH,METALLIC-MINI-SLEEVELESS-SLEEVELESS-V NECK-SEQUINED-Strapped-V Neck,,,,,Y,,
One Shoulder Matte Jersey Cocktail Dress,D5920A,Womens Apparel,Cocktail Dresses ,Basix Black Label,2012-01-08,195,0,165,One Shoulder Cocktail Dress With Sequins,GREEN ,GREEN,1 SHOULDER-MINI-SEQUINED-SLIM-V NECK-SEQUINED-Strapped-V Neck,,,yes,,,,
Long Sleeve Jeweled Cocktail Dress,D5846A,Womens Apparel,Cocktail Dresses ,Basix Black Label,1969-12-31,895,0,445,Cocktail Dress made of crystal beads and sequins over nude lace,NUDE BLUE,NUDE BLUE,BEADED-LONG SLEEVE-NUDE-SEQUINED-SPAGHETTI STR.-SEQUINED-Strapped-V Neck,,,,,,,
Sequined Net Cocktail Dress,D5916A,Womens Apparel,Cocktail Dresses ,Basix Black Label,2012-01-08,495,0,245,Cocktail Dress with geometric keyhole pattern of sequined keyholes over nude green shell,NUDE GREEN,NUDE GREEN,KEYHOLE-NUDE-SEQUINED-SPAGHETTI STR.-SPAGHETTI STR.-SEQUINED-Strapped-V Neck,,yes,,,,,
Beaded Sequined cocktail dress,D5930A,Womens Apparel,Cocktail Dresses ,Basix Black Label,1969-12-31,345,695,345,Beaded, Sequined and crystal cocktail dress,BLUE,BLUE,BEADED-CRYSTAL-SEQUINED,,,yes,,,,
Cocktail Dress With Flower On Waist,D5896A,Womens Apparel,Cocktail Dresses ,Basix Black Label,2012-01-08,545,0,225,Sleeveless V Neck Cocktail Dress With Flower on Waist and jeweled and sequined elements throughout,GOLD,GOLD,BEADED-CRYSTAL-FLOWER-SEQUINED-SLEEVELESS-V NECK-Strapped-V Neck,,,,,,,
Matte Jersey Sheath Dress,D5940A,Womens Apparel,Cocktail Dresses ,Basix Black Label,,445,0,225,Sheath cocktail dress with center vertical opening in mesh and sequin on border,BLACK,BLACK,KEYHOLE-MINI-SEQUINED-SHEATH-SLIM-V NECK,,yes,,,,,
D3420A,D3420A,Womens Apparel,Cocktail Dresses ,Basix Black Label,2011-12-15,175,0,120,Short dress,WHITE,WHITE,Beaded-Sequined-Sleeveless-V Neck-V NECK-V Neck-Strapped-V Neck,,,yes,,Y,,
Diamond Motif Nude Cocktail Dress,D5516A,Womens Apparel,Cocktail Dresses ,Basix Black Label,1969-12-31,275,595,60,Long Sleeve Crystal,SILVER,-SILVER,BEADED-SEQUINED-SLEEVELESS-V NECK,,,,,Y,,
Sequin panel v neck dress,D5942A,Womens Apparel,Cocktail Dresses ,Basix Black Label,,695,0,345,Sequin panel shimmer cocktail dress with v neck and plunge back,BLUE,PINK-BLUE,NUDE-SEQUINED-SHIMMER-V NECK,,yes,,,,,
D5588A,D5588A,Womens Apparel,Cocktail Dresses ,Basix Black Label,1969-12-31,165,295,60,COCKTAIL DRESS,ANIMAL,BLACK-ANIMAL,PRINT-SLEEVELESS-STRAPLESS-V NECK-V NECK-V Neck-Strapped-V Neck,,,yes,,,,
D5814A,D5814A,Womens Apparel,Cocktail Dresses ,Basix Black Label,1969-12-31,120,0,0,COCKTAIL DRESS,BLACK GUNMETAL,-BLACK GUNMETAL,PRINT-SLEEVELESS-STRAPLESS-V NECK,,,,,Y,,
D5754A,D5754A,Womens Apparel,Cocktail Dresses ,Basix Black Label,2012-01-06,545,0,275,Cocktail Dress,BLACK,BLACK,METALLIC-SHEATH-STRAPLESS-V NECK-V NECK-V Neck-Strapped-V Neck,,,,,,,
Sunflower Cocktail Dress,D4121A,Womens Apparel,Cocktail Dresses ,Basix Black Label,2012-01-15,255,0,145,Silk Shangtung Spaghetti Strap Cocktail Dress with sunflowers along the hemline,SALMON,SALMON-WHITE,FLOWER-MINI-SPAGHETTI STR.-V NECK-V NECK-V Neck-Strapped-V Neck,,,,,,,
D5906A,D5906A,Womens Apparel,Cocktail Dresses ,Basix Black Label,1969-12-31,195,395,165,COCKTAIL DRESS,MULTI,MULTI,PLEATED-SEQUINED-SLEEVELESS-V NECK-V NECK-V Neck-Strapped-V Neck,,,yes,,,,
D5524A,D5524A,Womens Apparel,Cocktail Dresses ,Basix Black Label,2012-01-18,0,0,0,Cocktail dress,CHARCOAL,CHARCOAL,PLEATED-SEQUINED-SLEEVELESS-V NECK-V NECK-V Neck-Strapped-V Neck,,,,,Y,,
D5948A,D5948A,Womens Apparel,Cocktail Dresses ,Basix Black Label,,445,0,225,Cocktail dress,BLACK,BLACK-SILVER,NUDE-SEQUINED-SLEEVELESS-V NECK,,yes,,,,,
D5969A,D5969A,Womens Apparel,Cocktail Dresses ,Basix Black Label,2012-01-18,550,0,275,Cocktail dress,GOLD SILVER,GOLD SILVER,METALLIC-SLEEVELESS-V NECK,,yes,no,,,,
D5921A,D5921A,Womens Apparel,Cocktail Dresses ,Basix Black Label,2012-01-18,245,0,125,Cocktail dress,BLACK,BLACK,HALTER-KEYHOLE-NUDE-SEQUINED-SHIMMER-SLEEVELESS-Strapped-V Neck,,yes,,,,,
D5976A,D5976A,Womens Apparel,Cocktail Dresses ,Basix Black Label,2012-01-18,795,0,395,Cocktail dress,GUNMETAL,GUNMETAL,BEADED-SEQUINED-SLEEVELESS-SEQUINED-SHIMMER-SLEEVELESS-Strapped-V Neck,,yes,,,,,
D5766A,D5766A,Womens Apparel,Cocktail Dresses ,Basix Black Label,2012-01-19,0,0,0,Cocktail dress,SILVER,SILVER,SLEEVELESS-SPAGHETTI STR.-SLEEVELESS-SEQUINED-SHIMMER-SLEEVELESS-Strapped-V Neck,,,,,Y,,
D5756A,D5756A,Womens Apparel,Cocktail Dresses ,Basix Black Label,2012-01-19,0,0,0,Cocktail dress,GRAY,GRAY,SLEEVELESS-SPAGHETTI STR.-SLEEVELESS-SEQUINED-SHIMMER-SLEEVELESS-Strapped-V Neck,,,,,Y,,
D5750A,D5750A,Womens Apparel,Cocktail Dresses ,Basix Black Label,2012-01-19,0,0,0,Cocktail dress,BLACK,BLACK,SHORT SLEEVE-SPAGHETTI STR.-SLEEVELESS-SEQUINED-SHIMMER-SLEEVELESS-Strapped-V Neck,,,,,Y,,
D5747A,D5747A,Womens Apparel,Cocktail Dresses ,Basix Black Label,2012-01-19,0,0,0,Cocktail dress,PURPLE,PURPLE,SHORT SLEEVE-SPAGHETTI STR.-SLEEVELESS-SEQUINED-SHIMMER-SLEEVELESS-Strapped-V Neck,,,,,Y,,
D5743A,D5743A,Womens Apparel,Cocktail Dresses ,Basix Black Label,2012-01-19,0,0,0,Cocktail dress,BLACK,BLACK,SLEEVELESS-SPAGHETTI STR.-SLEEVELESS-SEQUINED-SHIMMER-SLEEVELESS-Strapped-V Neck,,,,,Y,,
D5727A,D5727A,Womens Apparel,Cocktail Dresses ,Basix Black Label,2012-01-19,0,0,0,Cocktail dress,SILVER,SILVER,SLEEVELESS-STRAPLESS-SLEEVELESS-SEQUINED-SHIMMER-SLEEVELESS-Strapped-V Neck,,,,,Y,,
D5721A,D5721A,Womens Apparel,Cocktail Dresses ,Basix Black Label,2012-01-19,0,0,0,Cocktail dress,GREEN ,GREEN,SLEEVELESS-STRAPLESS-SLEEVELESS-SEQUINED-SHIMMER-SLEEVELESS-Strapped-V Neck,,,,,Y,,
D5703A,D5703A,Womens Apparel,Cocktail Dresses ,Basix Black Label,2012-01-19,0,0,0,Cocktail dress,BLACK,BLACK,SLEEVELESS-STRAPLESS-SLEEVELESS-SEQUINED-SHIMMER-SLEEVELESS-Strapped-V Neck,,,,,Y,,
D5658A,D5658A,Womens Apparel,Cocktail Dresses ,Basix Black Label,2012-01-19,0,0,0,Cocktail dress,BRONZE,BRONZE,SLEEVELESS-STRAPLESS-SLEEVELESS-SEQUINED-SHIMMER-SLEEVELESS-Strapped-V Neck,,,,,Y,,
D5636A,D5636A,Womens Apparel,Cocktail Dresses ,Basix Black Label,2012-01-19,0,0,0,Cocktail dress,BLUE,BLUE,SLEEVELESS-STRAPLESS-SLEEVELESS-SEQUINED-SHIMMER-SLEEVELESS-Strapped-V Neck,,,,,Y,,
D5633A,D5633A,Womens Apparel,Cocktail Dresses ,Basix Black Label,2012-01-19,0,0,0,Cocktail dress,GOLD,GOLD,SLEEVELESS-SPAGHETTI STR.-SLEEVELESS-SEQUINED-SHIMMER-SLEEVELESS-Strapped-V Neck,,,,,Y,,
D5621A,D5621A,Womens Apparel,Cocktail Dresses ,Basix Black Label,2012-01-19,0,0,0,Cocktail dress,BLACK,BLACK,SLEEVELESS-SPAGHETTI STR.-SLEEVELESS-SEQUINED-SHIMMER-SLEEVELESS-Strapped-V Neck,,,,,Y,,
D5619A,D5619A,Womens Apparel,Cocktail Dresses ,Basix Black Label,2012-01-19,0,0,0,Cocktail dress,LEOPARD,LEOPARD,SLEEVELESS-SPAGHETTI STR.-SLEEVELESS-SEQUINED-SHIMMER-SLEEVELESS-Strapped-V Neck,,,,,Y,,
D5596A,D5596A,Womens Apparel,Cocktail Dresses ,Basix Black Label,2012-01-19,0,0,0,Cocktail dress,GREY,GREY,SLEEVELESS-SPAGHETTI STR.-SLEEVELESS-SEQUINED-SHIMMER-SLEEVELESS-Strapped-V Neck,,,,,Y,,
D5590A,D5590A,Womens Apparel,Cocktail Dresses ,Basix Black Label,2012-01-19,0,0,0,Cocktail dress,BLACK,BLACK,SLEEVELESS-STRAPLESS-SLEEVELESS-SEQUINED-SHIMMER-SLEEVELESS-Strapped-V Neck,,,,,Y,,
D5587A,D5587A,Womens Apparel,Cocktail Dresses ,Basix Black Label,2012-01-19,0,0,0,Cocktail dress,GUNMETAL,GUNMETAL,SLEEVELESS-STRAPLESS-SLEEVELESS-SEQUINED-SHIMMER-SLEEVELESS-Strapped-V Neck,,,,,Y,,
D5585A,D5585A,Womens Apparel,Cocktail Dresses ,Basix Black Label,2012-01-19,0,0,0,Cocktail dress,BLACK,BLACK,SLEEVELESS-SPAGHETTI STR.-SLEEVELESS-SEQUINED-SHIMMER-SLEEVELESS-Strapped-V Neck,,,,,Y,,
D5569AG,D5569AG,Womens Apparel,Cocktail Dresses ,Basix Black Label,2012-01-19,0,0,0,Cocktail dress,GREEN ,GREEN,1 SHOULDER-SLEEVELESS-SLEEVELESS-SEQUINED-SHIMMER-SLEEVELESS-Strapped-V Neck,,,,,Y,,
D5569A,D5569A,Womens Apparel,Cocktail Dresses ,Basix Black Label,2012-01-19,0,0,0,Cocktail dress,BLUE,BLUE,1 SHOULDER-SLEEVELESS-SLEEVELESS-SEQUINED-SHIMMER-SLEEVELESS-Strapped-V Neck,,,,,Y,,
D5565A,D5565A,Womens Apparel,Cocktail Dresses ,Basix Black Label,2012-01-19,0,0,0,Cocktail dress,BLACK,BLACK,SLEEVELESS-STRAPLESS-SLEEVELESS-SEQUINED-SHIMMER-SLEEVELESS-Strapped-V Neck,,,,,Y,,
D5560A,D5560A,Womens Apparel,Cocktail Dresses ,Basix Black Label,2012-01-19,0,0,0,Cocktail dress,BLACK,BLACK,SLEEVELESS-STRAPLESS-SLEEVELESS-SEQUINED-SHIMMER-SLEEVELESS-Strapped-V Neck,,,,,Y,,
D5559A,D5559A,Womens Apparel,Cocktail Dresses ,Basix Black Label,2012-01-19,0,0,0,Cocktail dress,GOLD,GOLD,1 SHOULDER-SLEEVELESS-SLEEVELESS-SEQUINED-SHIMMER-SLEEVELESS-Strapped-V Neck,,,,,Y,,
D5535A,D5535A,Womens Apparel,Cocktail Dresses ,Basix Black Label,2012-01-19,0,0,0,Cocktail dress,BLACK,BLACK,SHORT SLEEVE-SLEEVELESS-SLEEVELESS-SEQUINED-SHIMMER-SLEEVELESS-Strapped-V Neck,,,,,Y,,
D5515A,D5515A,Womens Apparel,Cocktail Dresses ,Basix Black Label,2012-01-19,0,0,0,Cocktail dress,SILVER,SILVER,SLEEVELESS-STRAPLESS-SLEEVELESS-SEQUINED-SHIMMER-SLEEVELESS-Strapped-V Neck,,,,,Y,,
D5508A,D5508A,Womens Apparel,Cocktail Dresses ,Basix Black Label,2012-01-19,0,0,0,Cocktail dress,BLACK,BLACK,1 SHOULDER-SLEEVELESS-SLEEVELESS-SEQUINED-SHIMMER-SLEEVELESS-Strapped-V Neck,,,,,Y,,
D5507A,D5507A,Womens Apparel,Cocktail Dresses ,Basix Black Label,2012-01-19,0,0,0,Cocktail dress,SILVER,BLACK-SILVER,SLEEVELESS-SPAGHETTI STR.-SLEEVELESS-SEQUINED-SHIMMER-SLEEVELESS-Strapped-V Neck,,,,,Y,,
D5489A,D5489A,Womens Apparel,Cocktail Dresses ,Basix Black Label,2012-01-19,0,0,0,Cocktail dress,BLACK,BLACK,SLEEVELESS-STRAPLESS-SLEEVELESS-SEQUINED-SHIMMER-SLEEVELESS-Strapped-V Neck,,,,,Y,,
D5486A,D5486A,Womens Apparel,Cocktail Dresses ,Basix Black Label,2012-01-19,0,0,0,Cocktail dress,BLACK,BLACK,SLEEVELESS-STRAPLESS-SLEEVELESS-SEQUINED-SHIMMER-SLEEVELESS-Strapped-V Neck,,,,,Y,,
D5485A,D5485A,Womens Apparel,Cocktail Dresses ,Basix Black Label,2012-01-19,0,0,0,Cocktail dress,GOLD,GOLD,SLEEVELESS-STRAPLESS-SLEEVELESS-SEQUINED-SHIMMER-SLEEVELESS-Strapped-V Neck,,,,,Y,,
D5463A,D5463A,Womens Apparel,Cocktail Dresses ,Basix Black Label,2012-01-19,0,0,0,Cocktail dress,SILVER,SILVER-BLACK,SLEEVELESS-STRAPLESS-SLEEVELESS-SEQUINED-SHIMMER-SLEEVELESS-Strapped-V Neck,,,,,Y,,
D5431A,D5431A,Womens Apparel,Cocktail Dresses ,Basix Black Label,2012-01-19,0,0,0,Cocktail dress,CHAMPAGNE,CHAMPAGNE-BLUE-BLACK,SLEEVELESS-STRAPLESS-SLEEVELESS-SEQUINED-SHIMMER-SLEEVELESS-Strapped-V Neck,,,,,Y,,
D5226A,D5226A,Womens Apparel,Cocktail Dresses ,Basix Black Label,2012-01-19,0,0,0,Cocktail dress,BLACK,BLACK,SLEEVELESS-SPAGHETTI STR.-SLEEVELESS-SEQUINED-SHIMMER-SLEEVELESS-Strapped-V Neck,,,,,Y,,
D3946A,D3946A,Womens Apparel,Cocktail Dresses ,Basix Black Label,2012-01-19,0,0,0,Cocktail dress,PURPLE,PURPLE,SLEEVELESS-SPAGHETTI STR.-SLEEVELESS-SEQUINED-SHIMMER-SLEEVELESS-Strapped-V Neck,,,,,Y,,
D5289A,D5289A,Womens Apparel,Cocktail Dresses ,Basix Black Label,,295,0,165,Cocktail Dress,BLACK,BLACK,,,,,,,,
D4226A ,D4226A,Womens Apparel,Cocktail Dresses ,Basix Black Label,1969-12-31,495,0,245,Sequined and Jeweled Cocktail Dress,GOLD,GOLD,CRYSTAL-SEQUINED,,,,,,,
D4126,D4126,Womens Apparel,Cocktail Dresses ,Basix Black Label,,185,495,120,Sequined Cocktail Dress with V neck and Bow Motif,BLACK,BLACK,SEQUINED-V NECK,,,yes,,,,
D4350A,D4350A,Womens Apparel,Cocktail Dresses ,Basix Black Label,1969-12-31,195,0,0,Short sleeve cocktail dress with open collar details and empire bustier,BLACK,BLACK,EMPIRE WAIST-KEYHOLE-SHORT SLEEVE,,,,,Y,,
D4378A,D4378A,Womens Apparel,Cocktail Dresses ,Basix Black Label,1969-12-31,295,0,165,Cap Shoulder Empire Dress with pleated skirt ,BLACK,BLACK,PLEATED-SEQUINED-V NECK,,,,,Y,,
D5510A,D5510A,Womens Apparel,Cocktail Dresses ,Basix Black Label,1969-12-31,900,0,345,Sleeveless Cocktail Dress ,GOLD,GOLD,SEQUINED-SLEEVELESS,,,,,,,
D5903A,D5903A,Womens Apparel,Cocktail Dresses ,Basix Black Label,1969-12-31,595,0,295,Cocktail Dress,NUDE NAVY,NUDE NAVY,1 SHOULDER-CRYSTAL-FLOWER-NUDE-SEQUINED,,,,,,,
D5962A,D5962A,Womens Apparel,Cocktail Dresses ,Basix Black Label,,185,590,295,Crystal and Sequin Cocktail Dress,GOLD,GOLD,CRYSTAL-ONE PIECE-SEQUINED-SLEEVELESS-STRAPLESS,,,yes,,,,
D5980A,D5980A,Womens Apparel,Cocktail Dresses ,Basix Black Label,,595,0,295,Fringed Flapper Cocktail Dress,BLACK,BLACK,FRINGED-SLEEVELESS,,,,,,,
D5987A,D5987A,Womens Apparel,Cocktail Dresses ,Basix Black Label,,495,0,245,Fringed Cocktail Dress,WHITE,WHITE,BEADED-FRINGED-SEQUINED-SLEEVELESS-STRAPLESS,,,,,,,
D5989A,D5989A,Womens Apparel,Cocktail Dresses ,Basix Black Label,,495,0,245,Cocktail Dress,BLACK,BLACK,FRINGED-SEQUINED-V NECK,,,,,,,
D6050A,D6050A,Womens Apparel,Cocktail Dresses ,Basix Black Label,,550,0,275,Fringed Hombre Cocktail Dress,MULTI,MULTI,FRINGED-SEQUINED-SLEEVELESS,,,,,,,
D5957A,D5957A,Womens Apparel,Cocktail Dresses ,Basix Black Label,1969-12-31,590,0,295,Fringed Cocktail Dress with Gold Frame Accent,BLACKGOLD,BLACKGOLD,FRINGED-SLEEVELESS,,,,,,,
D5975A,D5975A,Womens Apparel,Cocktail Dresses ,Basix Black Label,,690,0,345,Cocktail Dress,NAVY,NAVY-BLACK-CHAMPAGNE,SEQUINED-SLEEVELESS,,,,,,,
D5978A,D5978A,Womens Apparel,Cocktail Dresses ,Basix Black Label,1969-12-31,690,0,345,Cocktail Dress,CHARCOAL,CHARCOAL-CHAMPAGNE-SILVER,SEQUINED-SLEEVELESS,,no,no,,,,
D6005A,D6005A,Womens Apparel,Cocktail Dresses ,Basix Black Label,1969-12-31,550,0,275,Cocktail Dress,BLACK,AUBURN-SILVER-BLACK,CRYSTAL-NUDE-SEQUINED,,no,no,,,,
D6022A,D6022A,Womens Apparel,Cocktail Dresses ,Basix Black Label,,445,0,225,Cocktail Dress,SILVER,SILVER,NUDE-SEQUINED,,,,,,,
D6006A,D6006A,Womens Apparel,Cocktail Dresses ,Basix Black Label,,895,895,450,Long sleeve metallic cocktail dress,AUBURN,BLUE-BLACK-AUBURN,LONG SLEEVE-METALLIC,,,,,,,
D6071A,D6071A,Womens Apparel,Cocktail Dresses ,Basix Black Label,,295,295,145,Cocktail Dress,BLACK,BLACK,SLEEVELESS-V NECK,,,,,,,
D6051A,D6051A,Womens Apparel,Cocktail Dresses ,Basix Black Label,1969-12-31,650,0,325,Cocktail Dress,BRONZE,GOLD-NAVY-BRONZE-CHARCOAL-SILVER-BLACK,METALLIC-SEQUINED-SLEEVELESS,,no,no,,,,
D6047A,D6047A,Womens Apparel,Cocktail Dresses ,Basix Black Label,,595,0,295,Cocktail Dress,SILVER,SILVER,CRYSTAL-METALLIC-MINI-SEQUINED,,,,,,,
D6043A,D6043A,Womens Apparel,Cocktail Dresses ,Basix Black Label,,695,0,345,Cocktail Dress,GOLD,GOLD,FLARE-SEQUINED-SLEEVELESS,,,,,,,
D6016A,D6016A,Womens Apparel,Cocktail Dresses ,Basix Black Label,1969-12-31,850,0,425,Long Sleeve Embroidered And Sheer Cocktail Dress,GOLD,GOLD-PLATINUM,EMBROIDERED-LONG-LONG SLEEVE,,no,no,,,,
D5897A,D5897A,Womens Apparel,Cocktail Dresses ,Basix Black Label,,695,0,350,Cocktail Dress,BLACK,BLACK,,,,,,,,
D4116A,D4116A,Womens Apparel,Cocktail Dresses ,Basix Black Label,,395,0,195,Cocktail Dress,BLACK,BLACK,SLEEVELESS,,,,,,,
D6014A,D6014A,Womens Apparel,Cocktail Dresses ,Basix Black Label,,895,0,450,Cocktail Dress,MULTI,MULTI,SLEEVELESS,,,,,,,
D5708A,D5708A,Womens Apparel,Cocktail Dresses ,Basix Black Label,,275,0,135,Cocktail Dress,BLACK,BLACK,CAP SLEEVE-CRYSTAL,,,,,,,
D5825A,D5825A,Womens Apparel,Cocktail Dresses ,Basix Black Label,,695,0,345,Cocktail Dress,BLACK,BLACK-SILVER,LONG SLEEVE-SEQUINED,,,,,,,
D5707B,D5707B,Womens Apparel,Cocktail Dresses ,Basix Black Label,,395,0,195,3/4 Sleeve Cocktail Dress,BLACK,BLACK,3/4 SLEEVE-CRYSTAL,,,,,,,
Little Black Dress,D4368A,Womens Apparel,Cocktail Dresses ,Basix Black Label,,295,0,165,Cocktail Dress,BLACK,BLACK,SLIM,,,,,,,
D6101A,D6101A,Womens Apparel,Cocktail Dresses ,Basix Black Label,2012-09-30,390,0,195,D6101A,BLACK,BLACK-BLACK SILVER,,,no,no,,,,
D6020A,D6020A,Womens Apparel,Cocktail Dresses ,Basix Black Label,2012-09-30,650,0,325,D6020A,PEWTER,PEWTER,,,no,no,,,,
D6035A,D6035A,Womens Apparel,Cocktail Dresses ,Basix Black Label,2012-09-30,790,0,395,D6035A,BLACK,BLACK,,,no,no,,,,
D6036A,D6036A,Womens Apparel,Cocktail Dresses ,Basix Black Label,2012-09-30,650,0,325,D6036A,NAVY,NAVY,,,no,no,,,,
D6053A,D6053A,Womens Apparel,Cocktail Dresses ,Basix Black Label,2012-09-30,790,0,395,D6053A,CHAMPAGNE,CHAMPAGNE,,,no,no,,,,
D6055A,D6055A,Womens Apparel,Cocktail Dresses ,Basix Black Label,2012-09-30,650,0,325,D6055A,GOLD,GOLD,,,no,no,,,,
D6057A     ,D6057A,Womens Apparel,Cocktail Dresses ,Basix Black Label,2012-09-30,650,0,325,D6057A,NUDE CHARCOAL,NUDE CHARCOAL,,,no,no,,,,
D6061A,D6061A,Womens Apparel,Cocktail Dresses ,Basix Black Label,2012-09-30,790,0,395,D6061A,NUDE SILVER,NUDE SILVER,,,no,no,,,,
D6064A,D6064A,Womens Apparel,Cocktail Dresses ,Basix Black Label,2012-09-30,790,0,395,D6064A,IVORY,IVORY,,,no,no,,,,
D6067A,D6067A,Womens Apparel,Cocktail Dresses ,Basix Black Label,2012-09-30,490,0,245,D6067A,BLACK,BLACK,,,no,no,,,,
D6073A,D6073A,Womens Apparel,Cocktail Dresses ,Basix Black Label,2012-09-30,490,0,245,D6073A,BLACK,BLACK,,,no,no,,,,
D6074A,D6074A,Womens Apparel,Cocktail Dresses ,Basix Black Label,2012-09-30,490,0,245,D6074A,BLACK,BLACK,,,no,no,,,,
D6076A,D6076A,Womens Apparel,Cocktail Dresses ,Basix Black Label,2012-09-30,490,0,245,D6076A,NAVY,NAVY-SILVER,,,no,no,,,,
D6081A,D6081A,Womens Apparel,Cocktail Dresses ,Basix Black Label,2012-09-30,450,0,225,D6081A,BLACK,BLACK,,,no,no,,,,
D6090A,D6090A,Womens Apparel,Cocktail Dresses ,Basix Black Label,2012-09-30,490,0,245,D6090A,BLACK,BLACK,,,no,no,,,,
D6092A,D6092A,Womens Apparel,Cocktail Dresses ,Basix Black Label,2012-09-30,650,0,325,D6092A,SILVER,SILVER,,,no,no,,,,
D6093A,D6093A,Womens Apparel,Cocktail Dresses ,Basix Black Label,2012-09-30,490,0,245,D6093A,BLACK SILVER,BLACK SILVER,,,no,no,,,,
D6095A,D6095A,Womens Apparel,Cocktail Dresses ,Basix Black Label,2012-09-30,690,0,345,D6095A,SILVER,SILVER,,,no,no,,,,
D6105A,D6105A,Womens Apparel,Cocktail Dresses ,Basix Black Label,2012-09-30,590,0,295,D6105A,MULTI,MULTI,,,no,no,,,,
D6108A,D6108A,Womens Apparel,Cocktail Dresses ,Basix Black Label,2012-09-30,390,0,195,D6108A,BLACK,BLACK,,,no,no,,,,
D6147A,D6147A,Womens Apparel,Cocktail Dresses ,Basix Black Label,2012-09-30,450,0,225,D6147A,BLACK,BLACK,,,no,no,,,,
D6068A,D6068A,Womens Apparel,Cocktail Dresses ,Basix Black Label,2012-09-30,590,0,295,D6068A,CHAMPAGNE,CHAMPAGNE,,,no,no,,,,
D5986A,D5986A,Womens Apparel,Cocktail Dresses ,Basix Black Label,2012-09-30,490,0,245,D5986A,BLACK,BLACK,,,no,no,,,,
D6018A,D6018A,Womens Apparel,Cocktail Dresses ,Basix Black Label,2012-09-30,590,0,295,D6018A,NAVY,NAVY,,,no,no,,,,
D6028A,D6028A,Womens Apparel,Cocktail Dresses ,Basix Black Label,2012-09-30,690,0,345,D6028A,RED,RED,,,no,no,,,,
D6106A,D6106A,Womens Apparel,Cocktail Dresses ,Basix Black Label,2012-09-30,330,0,165,D6106A,BLACK,BLACK,,,no,no,,,,
D6131A,D6131A,Womens Apparel,Cocktail Dresses ,Basix Black Label,2012-09-30,490,0,245,D6131A,CHAMPAGNE,CHAMPAGNE,,,no,no,,,,
