Product Name,Product Number,Category Name,SubCategory Name,Designer,Product Date,Catalogue Price,Retail Price,Wholesale Price,Product Description,Primary Image Color,Colors,Styles,Events,New Arrival,Clearance,Pre Order,Unpublish,Materials,Trends
Print Sheath Dress With Pockets,448,Womens Apparel,Cocktail Dresses ,Issue New York,2011-10-15,165,258,125,Geometric  Print Sheath Dress With Functional Pockets,GRAY,GRAY,ONE PIECE-PRINT-SHEATH-SLEEVELESS,,,yes,,,,
GLD1150,GLD1150,Womens Apparel,Cocktail Dresses ,Issue New York,1969-12-31,255,0,125,Cocktail Dress,GOLD,GOLD,,,,,,Y,,
Ostrich Feather Strapless Dress,SM801,Womens Apparel,Cocktail Dresses ,Issue New York,2011-10-15,318,0,0,Ostrich Feather Strapless Dress,WHITE,White,Feathers-Sleeveless-Strapless,Christmas-Daytime-Formal-Graduation-Homecoming-New Year-Party-Valentines,,,,,,
Crystal Cocktail Dress,SM825,Womens Apparel,Cocktail Dresses ,Issue New York,2011-10-15,338,0,0,Crystal Mirror Effect with Sequin Foundation Over Fully Line Sheath,IVORY,Black-Grey-White,Feathers-Sleeveless-Strapless,Christmas-Formal-Graduation-Homecoming-New Year-Party-Prom-Valentines-Wedding,,,,,,
ZD0061,ZD0061,Womens Apparel,Cocktail Dresses ,Issue New York,1969-12-31,275,0,135,Cocktail Dress,BLACK,BLACK,,,,,,,,
2105057,2105057,Womens Apparel,Cocktail Dresses ,Issue New York,1969-12-31,595,0,295,Cocktail Dress,WHITE,WHITE,,,yes,,,,,
GLD11131,GLD11131,Womens Apparel,Cocktail Dresses ,Issue New York,1969-12-31,275,0,135,Cocktail Dress,BLACK,BLACK-BLUSH,,,,,,Y,,
DB001,DB001,Womens Apparel,Cocktail Dresses ,Issue New York,1969-12-31,235,0,115,Cocktail Dress,FUCHSIA,FUCHSIA-RED-BLACK,,,,,,Y,,
D222A By Issue ,D222A,Womens Apparel,Cocktail Dresses ,Issue New York,1969-12-31,195,0,115,Cocktail Dress,LEOPARD,LEOPARD-GOLD,LONG SLEEVE-METALLIC-PLUNGE-SHIMMER,,,,,,,
JT-X0722,JT-X0722,Womens Apparel,Cocktail Dresses ,Issue New York,1969-12-31,335,0,165,Cocktail Dress,FUCHSIA,FUCHSIA,LONG SLEEVE-SEQUINED,,,,,,,
DB002,DB002,Womens Apparel,Cocktail Dresses ,Issue New York,1969-12-31,235,0,115,Cocktail Dress,BLACK,BLACK-RED,,,,,,Y,,
D0784,D0784,Womens Apparel,Cocktail Dresses ,Issue New York,1969-12-31,315,0,155,Cocktail Dress,ROYAL,ROYAL-RASPBERRY-IVORY-CHARCOAL-EGGPLANT-BLACK,STRAPLESS,,,,,Y,,
2105051-1,2105051-1,Womens Apparel,Cocktail Dresses ,Issue New York,1969-12-31,395,0,195,Cocktail Dress,BLACK,BLACK,,,,,,Y,,
D0639SQ,D0639SQ,Womens Apparel,Cocktail Dresses ,Issue New York,1969-12-31,335,0,170,Cocktail Dress,SILVER,SILVER-GUNMETAL,,,,,,,,
1022,1022,Womens Apparel,Cocktail Dresses ,Issue New York,2011-10-15,298,0,0,1022,BLACK,Black,Feathers-Sleeveless-Strapless,,,yes,,Y,,
3452,3452,Womens Apparel,Cocktail Dresses ,Issue New York,,255,0,0,3452,GRAY,GRAY,FEATHERS-SLEEVELESS-STRAPLESS,,,yes,,,,
80056,80056,Womens Apparel,Cocktail Dresses ,Issue New York,2011-10-15,255,0,0,80056,FUCHSIA,FUCHSIA,Feathers-Sleeveless-Strapless,,,yes,,Y,,
186335,186335,Womens Apparel,Cocktail Dresses ,Issue New York,2011-08-23,255,0,0,186335,BLACK,Black,Feathers-Sleeveless-Strapless,,,yes,,Y,,
856033,856033,Womens Apparel,Cocktail Dresses ,Issue New York,2011-10-15,255,0,0,856033,BLACK,Black,Feathers-Sleeveless-Strapless,,,yes,,Y,,
Ostrich Feather Cocktail Dress,2105001,Womens Apparel,Cocktail Dresses ,Issue New York,1969-12-31,435,495,225,Ostrich Feathered Cocktail Dress With Crystal Bead and Sequin Accents,BLACK,WHITE-BLUSH-BLACK-BLUSH
,FEATHERS-SLEEVELESS-STRAPLESS,,,,,,,
Tea Length Cocktail Dress,03051NN,Womens Apparel,Cocktail Dresses ,Issue New York,1969-12-31,325,0,135,3/4 Sleeves In Nude Sheer, Tea Length With Crystal Panel Patternning On Bust And Torso,BLACK,RED-BLACK,3/4 SLEEVE-CRYSTAL-NUDE,Christmas-Formal-Homecoming-New Year-Party-Prom-Valentines-Wedding,,,,Y,,
220-SS,220-SS,Womens Apparel,Cocktail Dresses ,Issue New York,2011-10-15,220,0,0,220-SS,BLACK,Black-Purple,3/4 Sleeve-Metallic-Sequined,,,yes,,,,
D0214,D0214,Womens Apparel,Cocktail Dresses ,Issue New York,2011-10-15,255,0,0,D0214,BLACK,Black-Brown,3/4 Sleeve-Metallic-Sequined,,,yes,,Y,,
D0651,D0651,Womens Apparel,Cocktail Dresses ,Issue New York,2011-10-15,298,0,0,D0651,YELLOW,YELLOW-RED,Sleeveless-V Neck-Mini-Sleeveless,,,,,,,
D0718,D0718,Womens Apparel,Cocktail Dresses ,Issue New York,2011-08-23,308,0,0,D0718,BRONZE,Black-Purple,Sleeveless-V Neck-Mini-Sleeveless,,,,,Y,,
D139,D139,Womens Apparel,Cocktail Dresses ,Issue New York,2011-10-15,298,0,0,D139,BLACK,Black-Blue,1 Shoulder-Beaded-Mini-Pleated-Sequined,,,,,Y,,
Glitter Cocktail Dress By Issue,D222,Womens Apparel,Cocktail Dresses ,Issue New York,1969-12-31,185,0,119,Glitter Cocktail Dress with Plunge Back Body Fitted Sleeves and Shoulder Pads,HOUNDSTOOTH GOLD,HOUNDSTOOTH GOLD-GRAY-GOLD-BLACK-SILVER SWIRL,FULL-FULL NECK-LONG SLEEVE-METALLIC-MINI-PLUNGE-SHIMMER,Christmas-Formal-Graduation-Homecoming-New Year-Party-Prom-Valentines-Wedding,,,,,,
ZD0064,ZD0064,Womens Apparel,Cocktail Dresses ,Issue New York,1969-12-31,315,0,155,,SILVER,SILVER,,,,,,,,
ZD0063,ZD0063,Womens Apparel,Cocktail Dresses ,Issue New York,1969-12-31,335,0,165,Cocktail Dress,SILVER,SILVER,,,,,,Y,,
2105047,2105047,Womens Apparel,Cocktail Dresses ,Issue New York,1969-12-31,445,0,245,Cocktail Dress,WHITE,WHITE,,,yes,,,Y,,
ZD-0004,ZD-0004,Womens Apparel,Cocktail Dresses ,Issue New York,1969-12-31,295,0,145,Cocktail Dress,ANIMAL,ANIMAL,,,,,,,,
DF106,DF106,Womens Apparel,Cocktail Dresses ,Issue New York,2011-08-23,298,0,0,DF106,BLACK,Black,Pleated-Sleeveless-Long Sleeve-Metallic-Mini-Plunge-Shimmer,,,,,,,
DF131,DF131,Womens Apparel,Cocktail Dresses ,Issue New York,2011-08-23,320,0,0,DF131,BLUE,Black-Blue-Red,Pleated-Sleeveless-Long Sleeve-Metallic-Mini-Plunge-Shimmer,,,,,Y,,
Shimmer Cocktail Dress,DF142,Womens Apparel,Cocktail Dresses ,Issue New York,1969-12-31,265,0,125,Shimmer Cocktail Dress,BLUE,SILVER
-GOLD-RED-BLUE,LONG SLEEVE-METALLIC-MINI-PLEATED-PLUNGE-SHIMMER-SLEEVELESS,,,,,,,
One Shoulder Shimmer Dress,DF143,Womens Apparel,Cocktail Dresses ,Issue New York,1969-12-31,245,0,120,One Shoulder Shimmer Dress with Shoulder Pad,RED,GOLD
-BLUE-BLACK-SILVER-RED,1 SHOULDER-LONG SLEEVE-METALLIC-MINI-PLUNGE-SHIMMER,Christmas-Formal-Graduation-Homecoming-New Year-Party-Prom-Valentines-Wedding,,,,,,
Sequin and Sheer Cocktail Dress,JF2016,Womens Apparel,Cocktail Dresses ,Issue New York,2011-08-23,348,0,0,Sequin and Sheer Cocktail Dress,SILVER,GOLD-SILVER,Metallic-Sequined-Sleeveless-Shimmer-Mini-Plunge-Shimmer,Christmas-Homecoming-New Year-Party-Prom-Valentines-Wedding,,,,,,
2105021S,2105021S,Womens Apparel,Cocktail Dresses ,Issue New York,1969-12-31,445,0,219,Cocktail Dress,GUNMETAL,GUNMETAL,1 SHOULDER-FEATHERS-SEQUINED,,,,,Y,,
SA2271,SA2271,Womens Apparel,Cocktail Dresses ,Issue New York,2011-10-15,338,0,0,SA2271,BLACK,Black-Red,Pleated-Sleeveless-Strapless-Shimmer-Mini-Plunge-Shimmer,,,,,,,
Feathered Mini Cocktail Dress,SM800,Womens Apparel,Cocktail Dresses ,Issue New York,2011-08-23,318,0,0,Feathered Mini Cocktail Dress,BLACK,Black-White,Feathers-Mini-Strapless-Shimmer-Mini-Plunge-Shimmer,Christmas-New Year-Party,,,,,,
Feathered Mini Dress,D0742,Womens Apparel,Cocktail Dresses ,Issue New York,1969-12-31,375,0,195,Ostrich feather cocktail dress,BLACK,BLUSH-FUCHSIA-BLACK-RED-PURPLE,1 SHOULDER-MINI-PLUNGE-PRINT-SEQUINED-SHIMMER,,,,,,,
3051NN,3051NN,Womens Apparel,Cocktail Dresses ,Issue New York,2011-08-23,355,0,195,3051NN,BLACK,BROWN
-BLACK,1 SHOULDER-BEADED-CRYSTAL-FEATHERS-SEQUINED,,,,,Y,,
GLD11130,GLD11130,Womens Apparel,Cocktail Dresses ,Issue New York,1969-12-31,275,0,135,Cocktail Dress,BLUSH,IVORY-BLUSH,,,,,,Y,,
Rouched Mini Cocktail Dress,DF12916,Womens Apparel,Cocktail Dresses ,Issue New York,2011-11-11,345,0,0,Rouched Mini Cocktail Dress,BLACK,BLACK,1 Shoulder-Mini-Print-Sequined-Mini-Plunge-Shimmer,,,,,Y,,
JTX-0722,JTX-0722,Womens Apparel,Cocktail Dresses ,Issue New York,1969-12-31,335,0,165,Cocktail Dress,BLACK,BLACK-BLUE-GUNMETAL,,,,,,,,
DC100,DC100,Womens Apparel,Cocktail Dresses ,Issue New York,1969-12-31,235,0,120,Cocktail Dress,SILVER,GOLD-SILVER,SLEEVELESS,,,,,,,
5005,5005,Womens Apparel,Cocktail Dresses ,Issue New York,1969-12-31,295,0,145,Cocktail Dress,WINE,BLACK-GREEN -BRONZE-WINE,,,,,,Y,,
B0894,B0894,Womens Apparel,Cocktail Dresses ,Issue New York,1969-12-31,275,0,135,Cocktail Dress,BLACK,BLACK,1 SHOULDER,,,,,,,
3051,3051,Womens Apparel,Cocktail Dresses ,Issue New York,1969-12-31,355,0,175,Cocktail Dress,BLACK,BLACK,LONG SLEEVE,,,,,,,
